t,px,py,pz,vx,vy,vz,wx,wy,wz,qw,qx,qy,qz
0.000000000,0.000000000,0.071913831,2.000000000,0.060000000,0.017112860,0.050000000,0.000000000,0.200000000,0.084147098,0.963968482,0.098796039,-0.148194059,0.197592079
0.066666667,0.003999881,0.073051973,2.003333309,0.059994667,0.017031195,0.049998889,0.002999800,0.199982222,0.084683184,0.964370262,0.097107452,-0.142032026,0.200965281
0.133333333,0.007999052,0.074184628,2.006666469,0.059978668,0.016948252,0.049995556,0.005998400,0.199928893,0.085210802,0.964708056,0.095507909,-0.135845321,0.204359131
0.200000000,0.011996800,0.075311712,2.009999333,0.059952006,0.016864035,0.049990000,0.008994601,0.199840021,0.085729899,0.964981754,0.093997854,-0.129635016,0.207772425
0.266666667,0.015992416,0.076433138,2.013331753,0.059914687,0.016778551,0.049982223,0.011987204,0.199715623,0.086240423,0.965191257,0.092577686,-0.123402192,0.211203948
0.333333333,0.019985188,0.077548824,2.016663580,0.059866716,0.016691808,0.049972225,0.014975012,0.199555720,0.086742323,0.965336479,0.091247762,-0.117147944,0.214652481
0.400000000,0.023974408,0.078658685,2.019994667,0.059808102,0.016603810,0.049960005,0.017956831,0.199360341,0.087235548,0.965417344,0.090008390,-0.110873376,0.218116794
0.466666667,0.027959366,0.079762637,2.023324865,0.059738856,0.016514566,0.049945565,0.020931467,0.199129521,0.087720050,0.965433790,0.088859836,-0.104579605,0.221595652
0.533333333,0.031939353,0.080860599,2.026654026,0.059658990,0.016424081,0.049928906,0.023897731,0.198863301,0.088195781,0.965385765,0.087802321,-0.098267761,0.225087814
0.600000000,0.035913662,0.081952487,2.029982003,0.059568518,0.016332362,0.049910027,0.026854436,0.198561727,0.088662691,0.965273231,0.086836022,-0.091938981,0.228592035
0.666666667,0.039881587,0.083038220,2.033308647,0.059467456,0.016239417,0.049888930,0.029800400,0.198224854,0.089120736,0.965096161,0.085961069,-0.085594419,0.232107064
0.733333333,0.043842421,0.084117716,2.036633811,0.059355823,0.016145252,0.049865616,0.032734443,0.197852742,0.089569869,0.964854543,0.085177552,-0.079235236,0.235631647
0.800000000,0.047795462,0.085190893,2.039957347,0.059233637,0.016049874,0.049840085,0.035655394,0.197445457,0.090010044,0.964548375,0.084485511,-0.072862609,0.239164528
0.866666667,0.051740006,0.086257672,2.043279107,0.059100921,0.015953290,0.049812340,0.038562083,0.197003070,0.090441219,0.964177670,0.083884946,-0.066477724,0.242704446
0.933333333,0.055675351,0.087317972,2.046598943,0.058957698,0.015855509,0.049782380,0.041453347,0.196525662,0.090863350,0.963742456,0.083375812,-0.060081778,0.246250142
1.000000000,0.059600799,0.088371714,2.049916708,0.058803995,0.015756536,0.049750208,0.044328031,0.196013316,0.091276394,0.963242772,0.082958019,-0.053675981,0.249800356
1.066666667,0.063515652,0.089418817,2.053232255,0.058639837,0.015656380,0.049715825,0.047184984,0.195466123,0.091680311,0.962678674,0.082631434,-0.047261556,0.253353826
1.133333333,0.067419213,0.090459205,2.056545436,0.058465255,0.015555049,0.049679232,0.050023064,0.194884182,0.092075060,0.962050232,0.082395882,-0.040839735,0.256909295
1.200000000,0.071310788,0.091492798,2.059856104,0.058280278,0.015452548,0.049640432,0.052841135,0.194267595,0.092460601,0.961357531,0.082251142,-0.034411763,0.260465503
1.266666667,0.075189686,0.092519519,2.063164111,0.058084942,0.015348887,0.049599425,0.055638070,0.193616472,0.092836897,0.960600672,0.082196953,-0.027978895,0.264021196
1.333333333,0.079055217,0.093539291,2.066469311,0.057879279,0.015244074,0.049556214,0.058412751,0.192930929,0.093203909,0.959779772,0.082233010,-0.021542398,0.267575124
1.400000000,0.082906695,0.094552037,2.069771557,0.057663326,0.015138115,0.049510800,0.061164068,0.192211088,0.093561600,0.958894965,0.082358965,-0.015103552,0.271126040
1.466666667,0.086743433,0.095557681,2.073070702,0.057437123,0.015031019,0.049463186,0.063890920,0.191457076,0.093909936,0.957946403,0.082574431,-0.008663644,0.274672702
1.533333333,0.090564751,0.096556147,2.076366600,0.057200708,0.014922794,0.049413373,0.066592216,0.190669028,0.094248880,0.956934255,0.082878978,-0.002223977,0.278213875
1.600000000,0.094369968,0.097547362,2.079659103,0.056954125,0.014813449,0.049361364,0.069266876,0.189847084,0.094578400,0.955858709,0.083272134,0.004214140,0.281748330
1.666666667,0.098158409,0.098531249,2.082948066,0.056697417,0.014702990,0.049307162,0.071913831,0.188991389,0.094898462,0.954719971,0.083753389,0.010649386,0.285274847
1.733333333,0.101929400,0.099507736,2.086233343,0.056430629,0.014591428,0.049250768,0.074532021,0.188102097,0.095209034,0.953518266,0.084322190,0.017080428,0.288792214
1.800000000,0.105682270,0.100476748,2.089514787,0.056153809,0.014478769,0.049192185,0.077120399,0.187179365,0.095510086,0.952253843,0.084977947,0.023505925,0.292299228
1.866666667,0.109416353,0.101438214,2.092792252,0.055867007,0.014365023,0.049131415,0.079677930,0.186223357,0.095801586,0.950926967,0.085720031,0.029924526,0.295794697
1.933333333,0.113130984,0.102392061,2.096065594,0.055570273,0.014250198,0.049068463,0.082203591,0.185234243,0.096083506,0.949537926,0.086547774,0.036334870,0.299277441
2.000000000,0.116825503,0.103338217,2.099334665,0.055263660,0.014134302,0.049003329,0.084696371,0.184212199,0.096355819,0.948087032,0.087460468,0.042735588,0.302746290
2.066666667,0.120499253,0.104276611,2.102599322,0.054947222,0.014017345,0.048936017,0.087155274,0.183157406,0.096618495,0.946574616,0.088457373,0.049125301,0.306200087
2.133333333,0.124151582,0.105207173,2.105859419,0.054621016,0.013899335,0.048866531,0.089579316,0.182070053,0.096871510,0.945001036,0.089537707,0.055502624,0.309637692
2.200000000,0.127781840,0.106129832,2.109114812,0.054285100,0.013780281,0.048794872,0.091967528,0.180950333,0.097114838,0.943366669,0.090700657,0.061866160,0.313057976
2.266666667,0.131389381,0.107044521,2.112365354,0.053939533,0.013660192,0.048721045,0.094318954,0.179798443,0.097348454,0.941671921,0.091945370,0.068214509,0.316459827
2.333333333,0.134973564,0.107951169,2.115610903,0.053584377,0.013539077,0.048645053,0.096632653,0.178614591,0.097572336,0.939917221,0.093270963,0.074546260,0.319842149
2.400000000,0.138533753,0.108849708,2.118851313,0.053219695,0.013416945,0.048566899,0.098907701,0.177398985,0.097786460,0.938103023,0.094676517,0.080860000,0.323203862
2.466666667,0.142069313,0.109740072,2.122086441,0.052845552,0.013293806,0.048486586,0.101143187,0.176151841,0.097990806,0.936229807,0.096161080,0.087154305,0.326543906
2.533333333,0.145579618,0.110622193,2.125316143,0.052462015,0.013169668,0.048404118,0.103338217,0.174873383,0.098185353,0.934298081,0.097723669,0.093427749,0.329861239
2.600000000,0.149064041,0.111496006,2.128540276,0.052069151,0.013044540,0.048319499,0.105491913,0.173563836,0.098370081,0.932308379,0.099363269,0.099678901,0.333154836
2.666666667,0.152521965,0.112361444,2.131758696,0.051667030,0.012918433,0.048232732,0.107603414,0.172223434,0.098544973,0.930261263,0.101078834,0.105906322,0.336423695
2.733333333,0.155952775,0.113218442,2.134971259,0.051255724,0.012791356,0.048143822,0.109671874,0.170852415,0.098710010,0.928157324,0.102869291,0.112108574,0.339666835
2.800000000,0.159355859,0.114066936,2.138177824,0.050835307,0.012663317,0.048052772,0.111696468,0.169451022,0.098865176,0.925997180,0.104733535,0.118284213,0.342883294
2.866666667,0.162730615,0.114906863,2.141378248,0.050405852,0.012534328,0.047959586,0.113676384,0.168019506,0.099010456,0.923781480,0.106670435,0.124431794,0.346072136
2.933333333,0.166076440,0.115738159,2.144572388,0.049967436,0.012404397,0.047864269,0.115610832,0.166558119,0.099145835,0.921510902,0.108678833,0.130549867,0.349232446
3.000000000,0.169392742,0.116560762,2.147760103,0.049520137,0.012273535,0.047766824,0.117499036,0.165067123,0.099271299,0.919186152,0.110757544,0.136636985,0.352363333
3.066666667,0.172678930,0.117374610,2.150941251,0.049064035,0.012141750,0.047667257,0.119340243,0.163546782,0.099386836,0.916807970,0.112905360,0.142691699,0.355463930
3.133333333,0.175934419,0.118179642,2.154115691,0.048599210,0.012009054,0.047565571,0.121133715,0.161997366,0.099492435,0.914377123,0.115121048,0.148712558,0.358533396
3.200000000,0.179158632,0.118975797,2.157283280,0.048125745,0.011875455,0.047461771,0.122878735,0.160419152,0.099588084,0.911894412,0.117403352,0.154698116,0.361570917
3.266666667,0.182350995,0.119763016,2.160443880,0.047643725,0.011740965,0.047355861,0.124574606,0.158812418,0.099673775,0.909360667,0.119750994,0.160646925,0.364575702
3.333333333,0.185510941,0.120541240,2.163597348,0.047153236,0.011605593,0.047247847,0.126220648,0.157177452,0.099749499,0.906776751,0.122162675,0.166557542,0.367546990
3.400000000,0.188637907,0.121310409,2.166743546,0.046654363,0.011469349,0.047137733,0.127816203,0.155514544,0.099815247,0.904143559,0.124637077,0.172428527,0.370484045
3.466666667,0.191731338,0.122070467,2.169882333,0.046147197,0.011332243,0.047025524,0.129360634,0.153823989,0.099871014,0.901462016,0.127172862,0.178258442,0.373386161
3.533333333,0.194790684,0.122821356,2.173013570,0.045631826,0.011194287,0.046911225,0.130853322,0.152106088,0.099916795,0.898733081,0.129768676,0.184045855,0.376252660
3.600000000,0.197815402,0.123563020,2.176137117,0.045108344,0.011055489,0.046794841,0.132293671,0.150361146,0.099952583,0.895957743,0.132423146,0.189789341,0.379082891
3.666666667,0.200804952,0.124295403,2.179252835,0.044576842,0.010915862,0.046676377,0.133681104,0.148589474,0.099978376,0.893137026,0.135134887,0.195487481,0.381876236
3.733333333,0.203758804,0.125018450,2.182360588,0.044037416,0.010775414,0.046555839,0.135015066,0.146791386,0.099994172,0.890271985,0.137902496,0.201138861,0.384632102
3.800000000,0.206676434,0.125732107,2.185460235,0.043490161,0.010634157,0.046433232,0.136295024,0.144967202,0.099999968,0.887363705,0.140724558,0.206742077,0.387349930
3.866666667,0.209557321,0.126436320,2.188551639,0.042935174,0.010492101,0.046308561,0.137520466,0.143117247,0.099995765,0.884413305,0.143599646,0.212295734,0.390029189
3.933333333,0.212400954,0.127131036,2.191634664,0.042372555,0.010349257,0.046181831,0.138690902,0.141241849,0.099981562,0.881421938,0.146526324,0.217798446,0.392669379
4.000000000,0.215206827,0.127816203,2.194709171,0.041802403,0.010205636,0.046053050,0.139805863,0.139341342,0.099957360,0.878390783,0.149503141,0.223248838,0.395270033
4.066666667,0.217974442,0.128491770,2.197775025,0.041224819,0.010061248,0.045922221,0.140864903,0.137416063,0.099923163,0.875321057,0.152528643,0.228645545,0.397830712
4.133333333,0.220703307,0.129157686,2.200832089,0.040639907,0.009916105,0.045789352,0.141867600,0.135466355,0.099878974,0.872214003,0.155601364,0.233987217,0.400351010
4.200000000,0.223392936,0.129813901,2.203880227,0.040047770,0.009770217,0.045654447,0.142813551,0.133492565,0.099824797,0.869070898,0.158719833,0.239272514,0.402830552
4.266666667,0.226042851,0.130460366,2.206919303,0.039448513,0.009623595,0.045517513,0.143702379,0.131495043,0.099760638,0.865893048,0.161882574,0.244500110,0.405268993
4.333333333,0.228652582,0.131097031,2.209949183,0.038842243,0.009476250,0.045378557,0.144533728,0.129474145,0.099686503,0.862681791,0.165088107,0.249668696,0.407666023
4.400000000,0.231221664,0.131723850,2.212969733,0.038229069,0.009328193,0.045237583,0.145307265,0.127430229,0.099602399,0.859438492,0.168334946,0.254776976,0.410021361
4.466666667,0.233749640,0.132340774,2.215980816,0.037609098,0.009179436,0.045094599,0.146022681,0.125363659,0.099508335,0.856164548,0.171621607,0.259823670,0.412334756
4.533333333,0.236236061,0.132947759,2.218982301,0.036982441,0.009029989,0.044949611,0.146679690,0.123274803,0.099404320,0.852861382,0.174946602,0.264807516,0.414605992
4.600000000,0.238680486,0.133544758,2.221974053,0.036349209,0.008879864,0.044802625,0.147278030,0.121164031,0.099290365,0.849530448,0.178308444,0.269727268,0.416834881
4.666666667,0.241082479,0.134131726,2.224955940,0.035709516,0.008729072,0.044653648,0.147817459,0.119031720,0.099166481,0.846173224,0.181705647,0.274581699,0.419021269
4.733333333,0.243441614,0.134708620,2.227927829,0.035063474,0.008577624,0.044502686,0.148297764,0.116878248,0.099032680,0.842791216,0.185136727,0.279369602,0.421165031
4.800000000,0.245757470,0.135275395,2.230889588,0.034411199,0.008425532,0.044349746,0.148718752,0.114703997,0.098888977,0.839385959,0.188600204,0.284089787,0.423266073
4.866666667,0.248029638,0.135832010,2.233841085,0.033752807,0.008272807,0.044194835,0.149080255,0.112509355,0.098735384,0.835959008,0.192094601,0.288741086,0.425324331
4.933333333,0.250257711,0.136378422,2.236782189,0.033088414,0.008119461,0.044037960,0.149382127,0.110294712,0.098571918,0.832511947,0.195618447,0.293322350,0.427339772
5.000000000,0.252441295,0.136914591,2.239712769,0.032418138,0.007965505,0.043879128,0.149624248,0.108060461,0.098398595,0.829046380,0.199170276,0.297832454,0.429312392
5.066666667,0.254580002,0.137440476,2.242632696,0.031742100,0.007810951,0.043718346,0.149806522,0.105807000,0.098215432,0.825563936,0.202748632,0.302270293,0.431242217
5.133333333,0.256673450,0.137956038,2.245541839,0.031060419,0.007655810,0.043555620,0.149928875,0.103534729,0.098022447,0.822066265,0.206352063,0.306634784,0.433129301
5.200000000,0.258721268,0.138461238,2.248440069,0.030373215,0.007500094,0.043390959,0.149991258,0.101244051,0.097819661,0.818555038,0.209979129,0.310924868,0.434973726
5.266666667,0.260723092,0.138956038,2.251327257,0.029680613,0.007343814,0.043224369,0.149993647,0.098935376,0.097607092,0.815031944,0.213628399,0.315139509,0.436775603
5.333333333,0.262678566,0.139440401,2.254203275,0.028982733,0.007186983,0.043055858,0.149936040,0.096609112,0.097384763,0.811498694,0.217298451,0.319277695,0.438535068
5.400000000,0.264587342,0.139914291,2.257067996,0.028279702,0.007029613,0.042885434,0.149818462,0.094265673,0.097152696,0.807957013,0.220987878,0.323338438,0.440252288
5.466666667,0.266449081,0.140377671,2.259921291,0.027571643,0.006871714,0.042713104,0.149640957,0.091905476,0.096910913,0.804408646,0.224695281,0.327320776,0.441927450
5.533333333,0.268263452,0.140830508,2.262763034,0.026858682,0.006713299,0.042538875,0.149403598,0.089528941,0.096659439,0.800855350,0.228419278,0.331223769,0.443560771
5.600000000,0.270030133,0.141272766,2.265593099,0.026140947,0.006554380,0.042362756,0.149106480,0.087136489,0.096398300,0.797298898,0.232158497,0.335046504,0.445152490
5.666666667,0.271748808,0.141704414,2.268411360,0.025418564,0.006394968,0.042184753,0.148749722,0.084728547,0.096127520,0.793741076,0.235911583,0.338788095,0.446702872
5.733333333,0.273419174,0.142125418,2.271217691,0.024691663,0.006235076,0.042004876,0.148333465,0.082305542,0.095847128,0.790183682,0.239677196,0.342447679,0.448212201
5.800000000,0.275040933,0.142535747,2.274011968,0.023960372,0.006074716,0.041823132,0.147857877,0.079867906,0.095557152,0.786628524,0.243454009,0.346024420,0.449680788
5.866666667,0.276613796,0.142935370,2.276794067,0.023224821,0.005913900,0.041639530,0.147323148,0.077416071,0.095257619,0.783077419,0.247240713,0.349517510,0.451108962
5.933333333,0.278137484,0.143324257,2.279563865,0.022485142,0.005752639,0.041454076,0.146729491,0.074950473,0.094948561,0.779532192,0.251036018,0.352926164,0.452497074
6.000000000,0.279611726,0.143702379,2.282321237,0.021741465,0.005590947,0.041266781,0.146077145,0.072471551,0.094630009,0.775994676,0.254838647,0.356249626,0.453845492
6.066666667,0.281036260,0.144069707,2.285066061,0.020993924,0.005428834,0.041077651,0.145366369,0.069979745,0.094301993,0.772466707,0.258647342,0.359487166,0.455154607
6.133333333,0.282410833,0.144426215,2.287798216,0.020242650,0.005266314,0.040886695,0.144597449,0.067475499,0.093964547,0.768950128,0.262460866,0.362638079,0.456424823
6.200000000,0.283735200,0.144771874,2.290517580,0.019487777,0.005103398,0.040693923,0.143770692,0.064959257,0.093617705,0.765446782,0.266277996,0.365701687,0.457656563
6.266666667,0.285009126,0.145106659,2.293224032,0.018729440,0.004940098,0.040499342,0.142886429,0.062431467,0.093261501,0.761958514,0.270097531,0.368677341,0.458850265
6.333333333,0.286232385,0.145430545,2.295917452,0.017967773,0.004776428,0.040302960,0.141945013,0.059892578,0.092895972,0.758487169,0.273918287,0.371564414,0.460006382
6.400000000,0.287404758,0.145743508,2.298597721,0.017202913,0.004612399,0.040104788,0.140946821,0.057343042,0.092521152,0.755034593,0.277739102,0.374362310,0.461125380
6.466666667,0.288526038,0.146045524,2.301264718,0.016434993,0.004448023,0.039904833,0.139892252,0.054783312,0.092137081,0.751602624,0.281558831,0.377070454,0.462207737
6.533333333,0.289596026,0.146336570,2.303918326,0.015664153,0.004283314,0.039703105,0.138781728,0.052213842,0.091743796,0.748193101,0.285376350,0.379688302,0.463253943
6.600000000,0.290614530,0.146616625,2.306558426,0.014890527,0.004118283,0.039499612,0.137615693,0.049635090,0.091341336,0.744807854,0.289190554,0.382215332,0.464264497
6.666666667,0.291581370,0.146885668,2.309184902,0.014114254,0.003952942,0.039294363,0.136394614,0.047047515,0.090929743,0.741448708,0.293000359,0.384651050,0.465239908
6.733333333,0.292496375,0.147143678,2.311797636,0.013335473,0.003787304,0.039087368,0.135118979,0.044451575,0.090509056,0.738117478,0.296804699,0.386994986,0.466180694
6.800000000,0.293359381,0.147390636,2.314396512,0.012554320,0.003621382,0.038878636,0.133789298,0.041847733,0.090079319,0.734815971,0.300602532,0.389246695,0.467087377
6.866666667,0.294170235,0.147626523,2.316981415,0.011770936,0.003455188,0.038668176,0.132406103,0.039236452,0.089640574,0.731545981,0.304392831,0.391405757,0.467960486
6.933333333,0.294928792,0.147851322,2.319552231,0.010985459,0.003288735,0.038455997,0.130969947,0.036618195,0.089192865,0.728309290,0.308174592,0.393471777,0.468800554
7.000000000,0.295634919,0.148065015,2.322108844,0.010198029,0.003122034,0.038242109,0.129481405,0.033993429,0.088736237,0.725107667,0.311946831,0.395444383,0.469608119
7.066666667,0.296288489,0.148267588,2.324651141,0.009408786,0.002955099,0.038026522,0.127941072,0.031362619,0.088270735,0.721942866,0.315708582,0.397323227,0.470383719
7.133333333,0.296889387,0.148459023,2.327179009,0.008617870,0.002787942,0.037809244,0.126349565,0.028726234,0.087796406,0.718816623,0.319458899,0.399107984,0.471127894
7.200000000,0.297437504,0.148639308,2.329692336,0.007825423,0.002620576,0.037590286,0.124707519,0.026084742,0.087313298,0.715730656,0.323196855,0.400798354,0.471841182
7.266666667,0.297932745,0.148808429,2.332191010,0.007031584,0.002453012,0.037369658,0.123015592,0.023438613,0.086821458,0.712686665,0.326921544,0.402394055,0.472524122
7.333333333,0.298375021,0.148966373,2.334674920,0.006236495,0.002285265,0.037147368,0.121274461,0.020788317,0.086320937,0.709686329,0.330632075,0.403894833,0.473177249
7.400000000,0.298764253,0.149113127,2.337143956,0.005440297,0.002117346,0.036923428,0.119484821,0.018134325,0.085811783,0.706731305,0.334327580,0.405300449,0.473801095
7.466666667,0.299100373,0.149248682,2.339598007,0.004643133,0.001949267,0.036697846,0.117647389,0.015477109,0.085294048,0.703823227,0.338007205,0.406610690,0.474396186
7.533333333,0.299383319,0.149373026,2.342036966,0.003845143,0.001781043,0.036470634,0.115762899,0.012817142,0.084767784,0.700963704,0.341670115,0.407825362,0.474963043
7.600000000,0.299613043,0.149486151,2.344460723,0.003046469,0.001612684,0.036241801,0.113832106,0.010154897,0.084233043,0.698154321,0.345315494,0.408944291,0.475502178
7.666666667,0.299789503,0.149588048,2.346869170,0.002247254,0.001444205,0.036011356,0.111855782,0.007490846,0.083689879,0.695396633,0.348942539,0.409967323,0.476014097
7.733333333,0.299912668,0.149678709,2.349262201,0.001447639,0.001275617,0.035779312,0.109834717,0.004825464,0.083138346,0.692692172,0.352550468,0.410894321,0.476499296
7.800000000,0.299982516,0.149758128,2.351639710,0.000647767,0.001106933,0.035545677,0.107769719,0.002159223,0.082578499,0.690042435,0.356138512,0.411725171,0.476958260
7.866666667,0.299999035,0.149826299,2.354001590,-0.000152220,0.000938166,0.035310462,0.105661615,-0.000507401,0.082010395,0.687448893,0.359705918,0.412459773,0.477391462
7.933333333,0.299962221,0.149883216,2.356347736,-0.000952180,0.000769329,0.035073678,0.103511248,-0.003173935,0.081434089,0.684912983,0.363251947,0.413098048,0.477799363
8.000000000,0.299872081,0.149928875,2.358678045,-0.001751971,0.000600433,0.034835335,0.101319477,-0.005839904,0.080849640,0.682436110,0.366775877,0.413639932,0.478182411
8.066666667,0.299728631,0.149963272,2.360992413,-0.002551451,0.000431493,0.034595444,0.099087180,-0.008504836,0.080257107,0.680019647,0.370276996,0.414085378,0.478541038
8.133333333,0.299531898,0.149986406,2.363290737,-0.003350477,0.000262520,0.034354016,0.096815250,-0.011168256,0.079656547,0.677664930,0.373754609,0.414434355,0.478875662
8.200000000,0.299281914,0.149998275,2.365572915,-0.004148907,0.000093528,0.034111060,0.094504594,-0.013829690,0.079048022,0.675373260,0.377208031,0.414686851,0.479186682
8.266666667,0.298978726,0.149998877,2.367838845,-0.004946600,-0.000075471,0.033866589,0.092156139,-0.016488665,0.078431593,0.673145901,0.380636591,0.414842864,0.479474483
8.333333333,0.298622387,0.149988212,2.370088427,-0.005743413,-0.000244465,0.033620612,0.089770822,-0.019144710,0.077807320,0.670984080,0.384039627,0.414902412,0.479739428
8.400000000,0.298212961,0.149966282,2.372321560,-0.006539205,-0.000413441,0.033373141,0.087349597,-0.021797350,0.077175266,0.668888983,0.387416490,0.414865524,0.479981862
8.466666667,0.297750519,0.149933087,2.374538146,-0.007333835,-0.000582385,0.033124187,0.084893435,-0.024446116,0.076535495,0.666861760,0.390766541,0.414732245,0.480202112
8.533333333,0.297235145,0.149888631,2.376738086,-0.008127161,-0.000751286,0.032873761,0.082403315,-0.027090536,0.075888071,0.664903517,0.394089148,0.414502634,0.480400482
8.600000000,0.296666930,0.149832917,2.378921281,-0.008919042,-0.000920130,0.032621873,0.079880236,-0.029730140,0.075233058,0.663015320,0.397383693,0.414176760,0.480577254
8.666666667,0.296045975,0.149765949,2.381087636,-0.009709338,-0.001088905,0.032368536,0.077325206,-0.032364459,0.074570521,0.661198193,0.400649561,0.413754710,0.480732689
8.733333333,0.295372390,0.149687732,2.383237054,-0.010497907,-0.001257598,0.032113760,0.074739246,-0.034993024,0.073900528,0.659453116,0.403886149,0.413236580,0.480867025
8.800000000,0.294646295,0.149598271,2.385369439,-0.011284610,-0.001426197,0.031857557,0.072123392,-0.037615368,0.073223144,0.657781026,0.407092858,0.412622481,0.480980473
8.866666667,0.293867820,0.149497574,2.387484697,-0.012069307,-0.001594689,0.031599938,0.069478690,-0.040231025,0.072538439,0.656182814,0.410269098,0.411912533,0.481073225
8.933333333,0.293037102,0.149385649,2.389582733,-0.012851859,-0.001763061,0.031340915,0.066806197,-0.042839530,0.071846479,0.654659327,0.413414283,0.411106871,0.481145443
9.000000000,0.292154289,0.149262502,2.391663455,-0.013632126,-0.001931300,0.031080498,0.064106982,-0.045440419,0.071147335,0.653211365,0.416527834,0.410205639,0.481197267
9.066666667,0.291219539,0.149128145,2.393726769,-0.014409969,-0.002099395,0.030818701,0.061382125,-0.048033230,0.070441077,0.651839681,0.419609176,0.409208995,0.481228810
9.133333333,0.290233017,0.148982587,2.395772584,-0.015185251,-0.002267331,0.030555533,0.058632717,-0.050617502,0.069727774,0.650544982,0.422657738,0.408117108,0.481240158
9.200000000,0.289194899,0.148825838,2.397800810,-0.015957833,-0.002435098,0.030291008,0.055859856,-0.053192775,0.069007498,0.649327925,0.425672953,0.406930155,0.481231370
9.266666667,0.288105369,0.148657911,2.399811356,-0.016727578,-0.002602681,0.030025136,0.053064652,-0.055758592,0.068280322,0.648189120,0.428654259,0.405648329,0.481202478
9.333333333,0.286964621,0.148478818,2.401804132,-0.017494349,-0.002770070,0.029757930,0.050248223,-0.058314497,0.067546318,0.647129125,0.431601094,0.404271829,0.481153488
9.400000000,0.285772858,0.148288573,2.403779050,-0.018258010,-0.002937250,0.029489401,0.047411695,-0.060860034,0.066805559,0.646148453,0.434512899,0.402800870,0.481084376
9.466666667,0.284530292,0.148087190,2.405736023,-0.019018426,-0.003104209,0.029219562,0.044556203,-0.063394752,0.066058120,0.645247562,0.437389118,0.401235674,0.480995091
9.533333333,0.283237143,0.147874684,2.407674963,-0.019775460,-0.003270935,0.028948424,0.041682889,-0.065918201,0.065304075,0.644426861,0.440229195,0.399576477,0.480885554
9.600000000,0.281893642,0.147651071,2.409595784,-0.020528979,-0.003437416,0.028675999,0.038792902,-0.068429930,0.064543500,0.643686709,0.443032577,0.397823523,0.480755656
9.666666667,0.280500027,0.147416367,2.411498401,-0.021278848,-0.003603638,0.028402300,0.035887399,-0.070929495,0.063776470,0.643027412,0.445798709,0.395977071,0.480605262
9.733333333,0.279056546,0.147170592,2.413382729,-0.022024935,-0.003769590,0.028127339,0.032967542,-0.073416450,0.063003063,0.642449224,0.448527039,0.394037387,0.480434207
9.800000000,0.277563456,0.146913762,2.415248685,-0.022767106,-0.003935258,0.027851127,0.030034498,-0.075890353,0.062223356,0.641952348,0.451217012,0.392004754,0.480242297
9.866666667,0.276021022,0.146645897,2.417096186,-0.023505229,-0.004100631,0.027573678,0.027089440,-0.078350765,0.061437426,0.641536933,0.453868076,0.389879460,0.480029312
9.933333333,0.274429519,0.146367018,2.418925148,-0.024239174,-0.004265696,0.027295003,0.024133547,-0.080797248,0.060645352,0.641203075,0.456479676,0.387661812,0.479795000
10.000000000,0.272789228,0.146077145,2.420735492,-0.024968810,-0.004430441,0.027015115,0.021168001,-0.083229367,0.059847214,0.640950818,0.459051258,0.385352124,0.479539083
10.066666667,0.271100442,0.145776300,2.422527137,-0.025694007,-0.004594853,0.026734027,0.018193988,-0.085646691,0.059043092,0.640780152,0.461582266,0.382950724,0.479261256
10.133333333,0.269363462,0.145464505,2.424300003,-0.026414636,-0.004758919,0.026451750,0.015212698,-0.088048788,0.058233065,0.640691013,0.464072144,0.380457955,0.478961184
10.200000000,0.267578595,0.145141785,2.426054011,-0.027130570,-0.004922629,0.026168298,0.012225323,-0.090435232,0.057417215,0.640683283,0.466520335,0.377874170,0.478638506
10.266666667,0.265746160,0.144808163,2.427789083,-0.027841680,-0.005085968,0.025883682,0.009233058,-0.092805600,0.056595623,0.640756792,0.468926280,0.375199738,0.478292833
10.333333333,0.263866481,0.144463664,2.429505143,-0.028547841,-0.005248926,0.025597916,0.006237099,-0.095159469,0.055768372,0.640911315,0.471289419,0.372435040,0.477923750
10.400000000,0.261939894,0.144108315,2.431202114,-0.029248926,-0.005411489,0.025311013,0.003238646,-0.097496420,0.054935544,0.641146571,0.473609192,0.369580474,0.477530816
10.466666667,0.259966740,0.143742142,2.432879920,-0.029944812,-0.005573646,0.025022984,0.000238898,-0.099816040,0.054097222,0.641462228,0.475885038,0.366636452,0.477113563
10.533333333,0.257947371,0.143365172,2.434538487,-0.030635374,-0.005735384,0.024733844,-0.002760946,-0.102117914,0.053253491,0.641857899,0.478116394,0.363603399,0.476671500
10.600000000,0.255882144,0.142977433,2.436177741,-0.031320491,-0.005896691,0.024443604,-0.005759686,-0.104401635,0.052404434,0.642333142,0.480302698,0.360481760,0.476204108
10.666666667,0.253771429,0.142578956,2.437797610,-0.032000039,-0.006057555,0.024152278,-0.008756122,-0.106666796,0.051550137,0.642887463,0.482443386,0.357271995,0.475710848
10.733333333,0.251615599,0.142169769,2.439398021,-0.032673898,-0.006217965,0.023859878,-0.011749055,-0.108912993,0.050690685,0.643520313,0.484537895,0.353974579,0.475191154
10.800000000,0.249415038,0.141749904,2.440978903,-0.033341949,-0.006377907,0.023566418,-0.014737289,-0.111139829,0.049826164,0.644231089,0.486585662,0.350590007,0.474644441
10.866666667,0.247170138,0.141319392,2.442540187,-0.034004072,-0.006537371,0.023271911,-0.017719628,-0.113346907,0.048956661,0.645019135,0.488586123,0.347118792,0.474070099
10.933333333,0.244881296,0.140878266,2.444081802,-0.034660150,-0.006696343,0.022976369,-0.020694880,-0.115533835,0.048082261,0.645883745,0.490538718,0.343561466,0.473467499
11.000000000,0.242548921,0.140426558,2.445603680,-0.035310067,-0.006854812,0.022679806,-0.023661854,-0.117700223,0.047203054,0.646824155,0.492442886,0.339918580,0.472835993
11.066666667,0.240173427,0.139964302,2.447105754,-0.035953706,-0.007012767,0.022382235,-0.026619364,-0.119845688,0.046319126,0.647839551,0.494298068,0.336190704,0.472174910
11.133333333,0.237755236,0.139491534,2.448587956,-0.036590954,-0.007170195,0.022083669,-0.029566226,-0.121969847,0.045430567,0.648929069,0.496103709,0.332378432,0.471483565
11.200000000,0.235294778,0.139008288,2.450050221,-0.037221697,-0.007327084,0.021784122,-0.032501262,-0.124072322,0.044537464,0.650091790,0.497859254,0.328482376,0.470761253
11.266666667,0.232792490,0.138514602,2.451492484,-0.037845822,-0.007483423,0.021483607,-0.035423298,-0.126152741,0.043639908,0.651326745,0.499564153,0.324503172,0.470007254
11.333333333,0.230248817,0.138010511,2.452914681,-0.038463220,-0.007639200,0.021182137,-0.038331165,-0.128210733,0.042737988,0.652632915,0.501217862,0.320441479,0.469220834
11.400000000,0.227664212,0.137496054,2.454316748,-0.039073780,-0.007794403,0.020879725,-0.041223701,-0.130245932,0.041831794,0.654009230,0.502819840,0.316297979,0.468401243
11.466666667,0.225039134,0.136971270,2.455698624,-0.039677393,-0.007949020,0.020576386,-0.044099747,-0.132257977,0.040921417,0.655454571,0.504369551,0.312073376,0.467547719
11.533333333,0.222374050,0.136436198,2.457060246,-0.040273953,-0.008103041,0.020272132,-0.046958154,-0.134246509,0.040006948,0.656967769,0.505866466,0.307768403,0.466659489
11.600000000,0.219669433,0.135890879,2.458401554,-0.040863353,-0.008256453,0.019966976,-0.049797778,-0.136211176,0.039088478,0.658547609,0.507310064,0.303383814,0.465735770
11.666666667,0.216925765,0.135335352,2.459722490,-0.041445488,-0.008409244,0.019660934,-0.052617484,-0.138151628,0.038166099,0.660192825,0.508699831,0.298920392,0.464775768
11.733333333,0.214143532,0.134769660,2.461022993,-0.042020256,-0.008561404,0.019354018,-0.055416144,-0.140067520,0.037239904,0.661902108,0.510035262,0.294378946,0.463778683
11.800000000,0.211323230,0.134193846,2.462303006,-0.042587553,-0.008712921,0.019046241,-0.058192638,-0.141958511,0.036309985,0.663674102,0.511315861,0.289760310,0.462743708
11.866666667,0.208465360,0.133607952,2.463562473,-0.043147280,-0.008863784,0.018737618,-0.060945855,-0.143824266,0.035376435,0.665507403,0.512541145,0.285065349,0.461670030
11.933333333,0.205570430,0.133012022,2.464801337,-0.043699336,-0.009013981,0.018428162,-0.063674695,-0.145664452,0.034439347,0.667400568,0.513710641,0.280294954,0.460556834
12.000000000,0.202638954,0.132406103,2.466019543,-0.044243623,-0.009163501,0.018117888,-0.066378066,-0.147478743,0.033498815,0.669352107,0.514823888,0.275450046,0.459403301
12.066666667,0.199671455,0.131790238,2.467217037,-0.044780045,-0.009312332,0.017806808,-0.069054887,-0.149266816,0.032554933,0.671360489,0.515880439,0.270531575,0.458208612
12.133333333,0.196668458,0.131164474,2.468393766,-0.045308506,-0.009460464,0.017494936,-0.071704087,-0.151028353,0.031607796,0.673424143,0.516879863,0.265540521,0.456971949
12.200000000,0.193630500,0.130528858,2.469549678,-0.045828912,-0.009607886,0.017182287,-0.074324606,-0.152763040,0.030657499,0.675541457,0.517821744,0.260477895,0.455692493
12.266666667,0.190558118,0.129883438,2.470684721,-0.046341171,-0.009754586,0.016868875,-0.076915396,-0.154470571,0.029704135,0.677710780,0.518705681,0.255344737,0.454369432
12.333333333,0.187451860,0.129228263,2.471798845,-0.046845192,-0.009900553,0.016554712,-0.079475421,-0.156150640,0.028747801,0.679930425,0.519531293,0.250142118,0.453001957
12.400000000,0.184312277,0.128563381,2.472892000,-0.047340885,-0.010045776,0.016239814,-0.082003657,-0.157802949,0.027788593,0.682198667,0.520298218,0.244871144,0.451589267
12.466666667,0.181139929,0.127888843,2.473964137,-0.047828162,-0.010190245,0.015924194,-0.084499093,-0.159427206,0.026826605,0.684513747,0.521006113,0.239532949,0.450130566
12.533333333,0.177935378,0.127204699,2.475015210,-0.048306936,-0.010333949,0.015607867,-0.086960730,-0.161023119,0.025861935,0.686873873,0.521654656,0.234128701,0.448625070
12.600000000,0.174699195,0.126511000,2.476045171,-0.048777122,-0.010476876,0.015290845,-0.089387584,-0.162590407,0.024894679,0.689277220,0.522243548,0.228659598,0.447072006
12.666666667,0.171431954,0.125807800,2.477053974,-0.049238637,-0.010619017,0.014973145,-0.091778684,-0.164128791,0.023924933,0.691721932,0.522772514,0.223126874,0.445470610
12.733333333,0.168134238,0.125095149,2.478041575,-0.049691399,-0.010760360,0.014654778,-0.094133073,-0.165637996,0.022952795,0.694206125,0.523241303,0.217531793,0.443820137
12.800000000,0.164806631,0.124373103,2.479007930,-0.050135327,-0.010900894,0.014335760,-0.096449811,-0.167117755,0.021978361,0.696727886,0.523649689,0.211875651,0.442119854
12.866666667,0.161449726,0.123641715,2.479952996,-0.050570342,-0.011040610,0.014016106,-0.098727971,-0.168567805,0.021001730,0.699285276,0.523997474,0.206159778,0.440369045
12.933333333,0.158064119,0.122901040,2.480876730,-0.050996366,-0.011179497,0.013695828,-0.100966640,-0.169987888,0.020022998,0.701876334,0.524284486,0.200385538,0.438567014
13.000000000,0.154650412,0.122151134,2.481779093,-0.051413325,-0.011317544,0.013374941,-0.103164924,-0.171377751,0.019042265,0.704499073,0.524510585,0.194554324,0.436713084
13.066666667,0.151209212,0.121392053,2.482660043,-0.051821144,-0.011454741,0.013053461,-0.105321943,-0.172737147,0.018059627,0.707151487,0.524675658,0.188667565,0.434806599
13.133333333,0.147741130,0.120623854,2.483519541,-0.052219750,-0.011591077,0.012731399,-0.107436835,-0.174065835,0.017075183,0.709831549,0.524779626,0.182726719,0.432846927
13.200000000,0.144246784,0.119846595,2.484357550,-0.052609073,-0.011726543,0.012408773,-0.109508754,-0.175363578,0.016089031,0.712537216,0.524822441,0.176733278,0.430833459
13.266666667,0.140726795,0.119060335,2.485174032,-0.052989044,-0.011861128,0.012085594,-0.111536871,-0.176630146,0.015101271,0.715266430,0.524804087,0.170688765,0.428765613
13.333333333,0.137181788,0.118265131,2.485968951,-0.053359594,-0.011994822,0.011761879,-0.113520374,-0.177865314,0.014112001,0.718017115,0.524724584,0.164594734,0.426642832
13.400000000,0.133612393,0.117461045,2.486742271,-0.053720658,-0.012127616,0.011437640,-0.115458471,-0.179068861,0.013121319,0.720787189,0.524583987,0.158452771,0.424464589
13.466666667,0.130019246,0.116648136,2.487493958,-0.054072172,-0.012259498,0.011112894,-0.117350386,-0.180240575,0.012129326,0.723574555,0.524382388,0.152264490,0.422230387
13.533333333,0.126402984,0.115826466,2.488223979,-0.054414074,-0.012390459,0.010787653,-0.119195362,-0.181380246,0.011136119,0.726377110,0.524119913,0.146031537,0.419939758
13.600000000,0.122764251,0.114996096,2.488932301,-0.054746302,-0.012520490,0.010461933,-0.120992662,-0.182487672,0.010141799,0.729192744,0.523796731,0.139755587,0.417592268
13.666666667,0.119103693,0.114157088,2.489618893,-0.055068797,-0.012649581,0.010135748,-0.122741567,-0.183562657,0.009146464,0.732019345,0.523413044,0.133438341,0.415187516
13.733333333,0.115421962,0.113309506,2.490283724,-0.055381503,-0.012777721,0.009809113,-0.124441376,-0.184605009,0.008150215,0.734854795,0.522969099,0.127081530,0.412725134
13.800000000,0.111719712,0.112453413,2.490926765,-0.055684363,-0.012904902,0.009482042,-0.126091411,-0.185614542,0.007153151,0.737696979,0.522465181,0.120686912,0.410204792
13.866666667,0.107997600,0.111588874,2.491547987,-0.055977323,-0.013031113,0.009154549,-0.127691010,-0.186591078,0.006155372,0.740543782,0.521901616,0.114256271,0.407626196
13.933333333,0.104256290,0.110715953,2.492147363,-0.056260333,-0.013156345,0.008826649,-0.129239535,-0.187534442,0.005156977,0.743393093,0.521278772,0.107791415,0.404989089
14.000000000,0.100496445,0.109834717,2.492724865,-0.056533340,-0.013280590,0.008498357,-0.130736366,-0.188444468,0.004158066,0.746242809,0.520597060,0.101294177,0.402293254
14.066666667,0.096718734,0.108945230,2.493280469,-0.056796298,-0.013403836,0.008169687,-0.132180904,-0.189320993,0.003158740,0.749090831,0.519856933,0.094766413,0.399538511
14.133333333,0.092923830,0.108047561,2.493814149,-0.057049158,-0.013526077,0.007840655,-0.133572571,-0.190163861,0.002159098,0.751935075,0.519058890,0.088210001,0.396724725
14.200000000,0.089112405,0.107141776,2.494325881,-0.057291877,-0.013647301,0.007511273,-0.134910811,-0.190972923,0.001159239,0.754773463,0.518203471,0.081626841,0.393851800
14.266666667,0.085285139,0.106227943,2.494815644,-0.057524410,-0.013767500,0.007181558,-0.136195089,-0.191748035,0.000159265,0.757603937,0.517291263,0.075018851,0.390919680
14.333333333,0.081442711,0.105306132,2.495283415,-0.057746718,-0.013886665,0.006851524,-0.137424891,-0.192489059,-0.000840725,0.760424451,0.516322895,0.068387970,0.387928355
14.400000000,0.077585805,0.104376411,2.495729174,-0.057958759,-0.014004786,0.006521185,-0.138599724,-0.193195862,-0.001840631,0.763232978,0.515299043,0.061736151,0.384877857
14.466666667,0.073715106,0.103438851,2.496152900,-0.058160496,-0.014121856,0.006190557,-0.139719119,-0.193868321,-0.002840353,0.766027512,0.514220429,0.055065366,0.381768264
14.533333333,0.069831302,0.102493521,2.496554576,-0.058351894,-0.014237866,0.005859653,-0.140782629,-0.194506314,-0.003839790,0.768806068,0.513087818,0.048377600,0.378599695
14.600000000,0.065935084,0.101540492,2.496934182,-0.058532919,-0.014352806,0.005528489,-0.141789827,-0.195109730,-0.004838844,0.771566686,0.511902022,0.041674851,0.375372317
14.666666667,0.062027144,0.100579837,2.497291702,-0.058703538,-0.014466667,0.005197079,-0.142740311,-0.195678459,-0.005837414,0.774307430,0.510663899,0.034959129,0.372086341
14.733333333,0.058108177,0.099611628,2.497627120,-0.058863720,-0.014579443,0.004865438,-0.143633701,-0.196212402,-0.006835401,0.777026395,0.509374352,0.028232456,0.368742023
14.800000000,0.054178880,0.098635936,2.497940422,-0.059013439,-0.014691123,0.004533581,-0.144469640,-0.196711463,-0.007832703,0.779721702,0.508034329,0.021496859,0.365339668
14.866666667,0.050239952,0.097652836,2.498231593,-0.059152666,-0.014801700,0.004201523,-0.145247792,-0.197175553,-0.008829223,0.782391506,0.506644824,0.014754375,0.361879623
14.933333333,0.046292092,0.096662401,2.498500621,-0.059281377,-0.014911165,0.003869277,-0.145967847,-0.197604591,-0.009824859,0.785033994,0.505206876,0.008007045,0.358362285
15.000000000,0.042336002,0.095664705,2.498747493,-0.059399550,-0.015019509,0.003536860,-0.146629518,-0.197998499,-0.010819513,0.787647390,0.503721569,0.001256916,0.354788093
15.066666667,0.038372387,0.094659825,2.498972199,-0.059507163,-0.015126726,0.003204286,-0.147232538,-0.198357209,-0.011813086,0.790229951,0.502190029,-0.005493964,0.351157536
15.133333333,0.034401949,0.093647834,2.499174728,-0.059604196,-0.015232807,0.002871569,-0.147776667,-0.198680655,-0.012805476,0.792779976,0.500613431,-0.012243548,0.347471148
15.200000000,0.030425396,0.092628809,2.499355072,-0.059690634,-0.015337743,0.002538724,-0.148261688,-0.198968781,-0.013796587,0.795295801,0.498992988,-0.018989788,0.343729508
15.266666667,0.026443434,0.091602827,2.499513222,-0.059766460,-0.015441528,0.002205767,-0.148687406,-0.199221535,-0.014786317,0.797775807,0.497329959,-0.025730638,0.339933241
15.333333333,0.022456771,0.090569964,2.499649172,-0.059831662,-0.015544153,0.001872712,-0.149053651,-0.199438872,-0.015774569,0.800218414,0.495625646,-0.032464058,0.336083017
15.400000000,0.018466115,0.089530299,2.499762915,-0.059886226,-0.015645610,0.001539573,-0.149360276,-0.199620754,-0.016761244,0.802622089,0.493881390,-0.039188013,0.332179553
15.466666667,0.014472177,0.088483909,2.499854447,-0.059930145,-0.015745892,0.001206366,-0.149607159,-0.199767149,-0.017746242,0.804985343,0.492098574,-0.045900476,0.328223608
15.533333333,0.010475666,0.087430873,2.499923763,-0.059963409,-0.015844991,0.000873105,-0.149794202,-0.199878030,-0.018729466,0.807306736,0.490278623,-0.052599431,0.324215986
15.600000000,0.006477293,0.086371270,2.499970860,-0.059986013,-0.015942900,0.000539806,-0.149921328,-0.199953378,-0.019710817,0.809584875,0.488422997,-0.059282870,0.320157535
15.666666667,0.002477768,0.085305180,2.499995736,-0.059997954,-0.016039612,0.000206482,-0.149988489,-0.199993178,-0.020690197,0.811818416,0.486533199,-0.065948799,0.316049144
15.733333333,-0.001522197,0.084232682,2.499998391,-0.059999228,-0.016135119,-0.000126850,-0.149995655,-0.199997425,-0.021667508,0.814006065,0.484610766,-0.072595240,0.311891748
15.800000000,-0.005521892,0.083153858,2.499978823,-0.059989835,-0.016229414,-0.000460177,-0.149942826,-0.199966118,-0.022642652,0.816146582,0.482657271,-0.079220229,0.307686318
15.866666667,-0.009520605,0.082068787,2.499937034,-0.059969778,-0.016322490,-0.000793484,-0.149830021,-0.199899261,-0.023615532,0.818238776,0.480674325,-0.085821820,0.303433871
15.933333333,-0.013517626,0.080977553,2.499873026,-0.059939060,-0.016414340,-0.001126755,-0.149657287,-0.199796868,-0.024586050,0.820281511,0.478663571,-0.092398087,0.299135458
16.000000000,-0.017512243,0.079880236,2.499786802,-0.059897687,-0.016504957,-0.001459976,-0.149424691,-0.199658955,-0.025554110,0.822273705,0.476626684,-0.098947124,0.294792174
16.066666667,-0.021503747,0.078776920,2.499678364,-0.059845664,-0.016594334,-0.001793132,-0.149132328,-0.199485548,-0.026519615,0.824214329,0.474565372,-0.105467048,0.290405147
16.133333333,-0.025491429,0.077667686,2.499547719,-0.059783003,-0.016682465,-0.002126209,-0.148780314,-0.199276678,-0.027482467,0.826102411,0.472481373,-0.111955999,0.285975547
16.200000000,-0.029474578,0.076552619,2.499394872,-0.059709714,-0.016769343,-0.002459191,-0.148368789,-0.199032381,-0.028442571,0.827937034,0.470376452,-0.118412143,0.281504574
16.266666667,-0.033452488,0.075431801,2.499219829,-0.059625810,-0.016854962,-0.002792064,-0.147897919,-0.198752701,-0.029399831,0.829717337,0.468252405,-0.124833672,0.276993467
16.333333333,-0.037424451,0.074305319,2.499022599,-0.059531306,-0.016939314,-0.003124813,-0.147367892,-0.198437687,-0.030354151,0.831442515,0.466111051,-0.131218806,0.272443495
16.400000000,-0.041389760,0.073173255,2.498803191,-0.059426219,-0.017022394,-0.003457422,-0.146778919,-0.198087397,-0.031305436,0.833111820,0.463954234,-0.137565797,0.267855961
16.466666667,-0.045347712,0.072035694,2.498561613,-0.059310567,-0.017104196,-0.003789879,-0.146131237,-0.197701891,-0.032253590,0.834724561,0.461783823,-0.143872923,0.263232199
16.533333333,-0.049297602,0.070892724,2.498297877,-0.059184372,-0.017184713,-0.004122166,-0.145425105,-0.197281239,-0.033198519,0.836280103,0.459601706,-0.150138499,0.258573572
16.600000000,-0.053238727,0.069744428,2.498011995,-0.059047655,-0.017263939,-0.004454271,-0.144660804,-0.196825515,-0.034140128,0.837777870,0.457409793,-0.156360869,0.253881470
16.666666667,-0.057170389,0.068590894,2.497703979,-0.058900440,-0.017341868,-0.004786177,-0.143838641,-0.196334801,-0.035078323,0.839217340,0.455210012,-0.162538414,0.249157312
16.733333333,-0.061091887,0.067432208,2.497373843,-0.058742755,-0.017418495,-0.005117871,-0.142958945,-0.195809183,-0.036013010,0.840598049,0.453004306,-0.168669548,0.244402541
16.800000000,-0.065002524,0.066268457,2.497021601,-0.058574627,-0.017493813,-0.005449338,-0.142022066,-0.195248755,-0.036944096,0.841919590,0.450794637,-0.174752724,0.239618625
16.866666667,-0.068901606,0.065099729,2.496647270,-0.058396085,-0.017567818,-0.005780562,-0.141028381,-0.194653617,-0.037871487,0.843181610,0.448582977,-0.180786430,0.234807055
16.933333333,-0.072788438,0.063926111,2.496250865,-0.058207162,-0.017640503,-0.006111529,-0.139978286,-0.194023874,-0.038795092,0.844383813,0.446371310,-0.186769193,0.229969342
17.000000000,-0.076662331,0.062747691,2.495832405,-0.058007892,-0.017711863,-0.006442225,-0.138872202,-0.193359639,-0.039714817,0.845525958,0.444161634,-0.192699579,0.225107017
17.066666667,-0.080522594,0.061564559,2.495391908,-0.057798309,-0.017781893,-0.006772634,-0.137710571,-0.192661028,-0.040630570,0.846607858,0.441955952,-0.198576195,0.220221630
17.133333333,-0.084368543,0.060376802,2.494929394,-0.057578450,-0.017850587,-0.007102742,-0.136493858,-0.191928168,-0.041542261,0.847629379,0.439756274,-0.204397686,0.215314749
17.200000000,-0.088199494,0.059184510,2.494444883,-0.057348356,-0.017917940,-0.007432535,-0.135222548,-0.191161188,-0.042449797,0.848590441,0.437564618,-0.210162739,0.210387954
17.266666667,-0.092014764,0.057987773,2.493938397,-0.057108067,-0.017983947,-0.007761997,-0.133897152,-0.190360224,-0.043353088,0.849491016,0.435383002,-0.215870084,0.205442842
17.333333333,-0.095813677,0.056786680,2.493409958,-0.056857625,-0.018048604,-0.008091115,-0.132518198,-0.189525418,-0.044252044,0.850331128,0.433213448,-0.221518491,0.200481022
17.400000000,-0.099595556,0.055581323,2.492859589,-0.056597076,-0.018111905,-0.008419872,-0.131086239,-0.188656920,-0.045146575,0.851110848,0.431057978,-0.227106774,0.195504111
17.466666667,-0.103359730,0.054371790,2.492287316,-0.056326465,-0.018173846,-0.008748256,-0.129601847,-0.187754883,-0.046036591,0.851830300,0.428918612,-0.232633788,0.190513740
17.533333333,-0.107105529,0.053158173,2.491693164,-0.056045840,-0.018234421,-0.009076251,-0.128065617,-0.186819468,-0.046922004,0.852489654,0.426797368,-0.238098433,0.185511545
17.600000000,-0.110832288,0.051940564,2.491077159,-0.055755252,-0.018293627,-0.009403842,-0.126478161,-0.185850841,-0.047802725,0.853089128,0.424696256,-0.243499651,0.180499168
17.666666667,-0.114539343,0.050719054,2.490439328,-0.055454752,-0.018351459,-0.009731015,-0.124840116,-0.184849175,-0.048678665,0.853628985,0.422617283,-0.248836428,0.175478259
17.733333333,-0.118226035,0.049493734,2.489779699,-0.055144394,-0.018407913,-0.010057756,-0.123152137,-0.183814646,-0.049549737,0.854109534,0.420562446,-0.254107794,0.170450470
17.800000000,-0.121891711,0.048264696,2.489098303,-0.054824232,-0.018462984,-0.010384050,-0.121414898,-0.182747441,-0.050415855,0.854531123,0.418533733,-0.259312821,0.165417453
17.866666667,-0.125535717,0.047032033,2.488395170,-0.054494324,-0.018516668,-0.010709882,-0.119629096,-0.181647747,-0.051276931,0.854894147,0.416533121,-0.264450626,0.160380866
17.933333333,-0.129157405,0.045795838,2.487670330,-0.054154728,-0.018568961,-0.011035239,-0.117795443,-0.180515761,-0.052132879,0.855199038,0.414562574,-0.269520367,0.155342362
18.000000000,-0.132756133,0.044556203,2.486923815,-0.053805505,-0.018619860,-0.011360105,-0.115914673,-0.179351683,-0.052983614,0.855446268,0.412624039,-0.274521246,0.150303594
18.066666667,-0.136331260,0.043313221,2.486155660,-0.053446716,-0.018669360,-0.011684466,-0.113987539,-0.178155722,-0.053829051,0.855636345,0.410719452,-0.279452509,0.145266211
18.133333333,-0.139882151,0.042066986,2.485365898,-0.053078426,-0.018717458,-0.012008307,-0.112014812,-0.176928088,-0.054669105,0.855769814,0.408850727,-0.284313443,0.140231860
18.200000000,-0.143408174,0.040817591,2.484554564,-0.052700700,-0.018764150,-0.012331615,-0.109997280,-0.175669001,-0.055503692,0.855847254,0.407019762,-0.289103376,0.135202179
18.266666667,-0.146908703,0.039565131,2.483721695,-0.052313606,-0.018809432,-0.012654375,-0.107935751,-0.174378685,-0.056332728,0.855869276,0.405228433,-0.293821680,0.130178801
18.333333333,-0.150383115,0.038309698,2.482867327,-0.051917211,-0.018853302,-0.012976573,-0.105831049,-0.173057369,-0.057156132,0.855836521,0.403478596,-0.298467766,0.125163351
18.400000000,-0.153830792,0.037051388,2.481991498,-0.051511586,-0.018895756,-0.013298194,-0.103684016,-0.171705287,-0.057973820,0.855749662,0.401772081,-0.303041085,0.120157443
18.466666667,-0.157251123,0.035790296,2.481094248,-0.051096804,-0.018936790,-0.013619224,-0.101495510,-0.170322680,-0.058785710,0.855609397,0.400110697,-0.307541128,0.115162684
18.533333333,-0.160643498,0.034526515,2.480175615,-0.050672938,-0.018976402,-0.013939648,-0.099266408,-0.168909794,-0.059591722,0.855416450,0.398496226,-0.311967427,0.110180667
18.600000000,-0.164007314,0.033260140,2.479235642,-0.050240064,-0.019014589,-0.014259453,-0.096997601,-0.167466880,-0.060391775,0.855171570,0.396930421,-0.316319549,0.105212973
18.666666667,-0.167341974,0.031991268,2.478274369,-0.049798258,-0.019051348,-0.014578624,-0.094689996,-0.165994195,-0.061185789,0.854875527,0.395415009,-0.320597101,0.100261169
18.733333333,-0.170646885,0.030719992,2.477291839,-0.049347600,-0.019086675,-0.014897147,-0.092344516,-0.164492000,-0.061973684,0.854529114,0.393951688,-0.324799724,0.095326810
18.800000000,-0.173921459,0.029446410,2.476288097,-0.048888169,-0.019120569,-0.015215009,-0.089962099,-0.162960562,-0.062755382,0.854133139,0.392542123,-0.328927098,0.090411433
18.866666667,-0.177165115,0.028170615,2.475263187,-0.048420046,-0.019153027,-0.015532193,-0.087543699,-0.161400154,-0.063530805,0.853688430,0.391187949,-0.332978933,0.085516560
18.933333333,-0.180377274,0.026892705,2.474217153,-0.047943316,-0.019184046,-0.015848688,-0.085090283,-0.159811054,-0.064299874,0.853195831,0.389890768,-0.336954978,0.080643697
19.000000000,-0.183557367,0.025612774,2.473150044,-0.047458063,-0.019213624,-0.016164478,-0.082602831,-0.158193542,-0.065062514,0.852656196,0.388652148,-0.340855011,0.075794330
19.066666667,-0.186704828,0.024330920,2.472061906,-0.046964372,-0.019241759,-0.016479550,-0.080082340,-0.156547908,-0.065818647,0.852070394,0.387473623,-0.344678843,0.070969929
19.133333333,-0.189819098,0.023047239,2.470952787,-0.046462333,-0.019268449,-0.016793890,-0.077529817,-0.154874444,-0.066568199,0.851439303,0.386356688,-0.348426316,0.066171944
19.200000000,-0.192899623,0.021761826,2.469822737,-0.045952034,-0.019293692,-0.017107483,-0.074946282,-0.153173446,-0.067311093,0.850763809,0.385302804,-0.352097300,0.061401803
19.266666667,-0.195945854,0.020474778,2.468671806,-0.045433566,-0.019317485,-0.017420315,-0.072332771,-0.151445219,-0.068047257,0.850044807,0.384313395,-0.355691694,0.056660917
19.333333333,-0.198957252,0.019186193,2.467500045,-0.044907020,-0.019339828,-0.017732374,-0.069690327,-0.149690068,-0.068776616,0.849283194,0.383389844,-0.359209425,0.051950675
19.400000000,-0.201933280,0.017896167,2.466307507,-0.044372492,-0.019360718,-0.018043644,-0.067020008,-0.147908306,-0.069499097,0.848479873,0.382533495,-0.362650446,0.047272443
19.466666667,-0.204873409,0.016604797,2.465094244,-0.043830075,-0.019380153,-0.018354112,-0.064322882,-0.146100249,-0.070214629,0.847635748,0.381745654,-0.366014734,0.042627566
19.533333333,-0.207777117,0.015312179,2.463860310,-0.043279866,-0.019398133,-0.018663765,-0.061600027,-0.144266220,-0.070923139,0.846751722,0.381027584,-0.369302290,0.038017367
19.600000000,-0.210643887,0.014018411,2.462605760,-0.042721963,-0.019414656,-0.018972588,-0.058852534,-0.142406543,-0.071624557,0.845828700,0.380380505,-0.372513137,0.033443146
19.666666667,-0.213473209,0.012723591,2.461330650,-0.042156465,-0.019429721,-0.019280568,-0.056081500,-0.140521550,-0.072318812,0.844867582,0.379805599,-0.375647319,0.028906180
19.733333333,-0.216264582,0.011427814,2.460035037,-0.041583473,-0.019443327,-0.019587691,-0.053288034,-0.138611576,-0.073005836,0.843869264,0.379304001,-0.378704902,0.024407722
19.800000000,-0.219017508,0.010131179,2.458718978,-0.041003088,-0.019455471,-0.019893944,-0.050473254,-0.136676961,-0.073685559,0.842834637,0.378876804,-0.381685969,0.019949003
19.866666667,-0.221731499,0.008833784,2.457382531,-0.040415414,-0.019466155,-0.020199312,-0.047638285,-0.134718047,-0.074357914,0.841764586,0.378525057,-0.384590620,0.015531226
19.933333333,-0.224406070,0.007535725,2.456025756,-0.039820555,-0.019475377,-0.020503783,-0.044784261,-0.132735184,-0.075022833,0.840659985,0.378249763,-0.387418972,0.011155575
20.000000000,-0.227040749,0.006237099,2.454648713,-0.039218617,-0.019483135,-0.020807342,-0.041912325,-0.130728724,-0.075680250,0.839521701,0.378051880,-0.390171158,0.006823206
20.066666667,-0.229635065,0.004938006,2.453251464,-0.038609707,-0.019489431,-0.021109976,-0.039023624,-0.128699024,-0.076330098,0.838350591,0.377932321,-0.392847324,0.002535253
20.133333333,-0.232188557,0.003638541,2.451834071,-0.037993933,-0.019494262,-0.021411673,-0.036119314,-0.126646444,-0.076972314,0.837147497,0.377891953,-0.395447628,-0.001707177
20.200000000,-0.234700772,0.002338803,2.450396596,-0.037371405,-0.019497630,-0.021712417,-0.033200557,-0.124571350,-0.077606833,0.835913249,0.377931594,-0.397972240,-0.005903000
20.266666667,-0.237171263,0.001038890,2.448939103,-0.036742233,-0.019499532,-0.022012197,-0.030268520,-0.122474109,-0.078233591,0.834648666,0.378052018,-0.400421342,-0.010051157
20.333333333,-0.239599591,-0.000261102,2.447461658,-0.036106529,-0.019499970,-0.022310998,-0.027324376,-0.120355096,-0.078852525,0.833354547,0.378253949,-0.402795122,-0.014150614
20.400000000,-0.241985325,-0.001561074,2.445964325,-0.035464406,-0.019498944,-0.022608808,-0.024369302,-0.118214687,-0.079463575,0.832031678,0.378538064,-0.405093777,-0.018200360
20.466666667,-0.244328039,-0.002860928,2.444447172,-0.034815979,-0.019496453,-0.022905613,-0.021404482,-0.116053263,-0.080066678,0.830680827,0.378904991,-0.407317514,-0.022199412
20.533333333,-0.246627318,-0.004160568,2.442910266,-0.034161362,-0.019492497,-0.023201400,-0.018431099,-0.113871206,-0.080661775,0.829302745,0.379355312,-0.409466541,-0.026146807
20.600000000,-0.248882752,-0.005459896,2.441353675,-0.033500672,-0.019487078,-0.023496156,-0.015450345,-0.111668907,-0.081248805,0.827898164,0.379889558,-0.411541074,-0.030041610
20.666666667,-0.251093941,-0.006758813,2.439777469,-0.032834027,-0.019480195,-0.023789867,-0.012463410,-0.109446755,-0.081827711,0.826467795,0.380508211,-0.413541331,-0.033882910
20.733333333,-0.253260493,-0.008057222,2.438181717,-0.032161544,-0.019471848,-0.024082521,-0.009471491,-0.107205147,-0.082398434,0.825012332,0.381211705,-0.415467535,-0.037669818
20.800000000,-0.255382020,-0.009355027,2.436566490,-0.031483344,-0.019462039,-0.024374105,-0.006475783,-0.104944480,-0.082960917,0.823532446,0.382000423,-0.417319908,-0.041401472
20.866666667,-0.257458147,-0.010652128,2.434931860,-0.030799547,-0.019450768,-0.024664606,-0.003477484,-0.102665157,-0.083515105,0.822028787,0.382874699,-0.419098674,-0.045077031
20.933333333,-0.259488505,-0.011948430,2.433277900,-0.030110275,-0.019438037,-0.024954010,-0.000477795,-0.100367582,-0.084060940,0.820501985,0.383834818,-0.420804058,-0.048695679
21.000000000,-0.261472732,-0.013243834,2.431604683,-0.029415649,-0.019423845,-0.025242305,0.002522085,-0.098052164,-0.084598370,0.818952646,0.384881015,-0.422436282,-0.052256624
21.066666667,-0.263410475,-0.014538244,2.429912284,-0.028715795,-0.019408194,-0.025529479,0.005520957,-0.095719315,-0.085127340,0.817381355,0.386013472,-0.423995569,-0.055759097
21.133333333,-0.265301391,-0.015831561,2.428200778,-0.028010835,-0.019391086,-0.025815517,0.008517620,-0.093369450,-0.085647797,0.815788673,0.387232326,-0.425482137,-0.059202352
21.200000000,-0.267145143,-0.017123689,2.426470241,-0.027300896,-0.019372521,-0.026100409,0.011510876,-0.091002986,-0.086159690,0.814175139,0.388537658,-0.426896201,-0.062585665
21.266666667,-0.268941402,-0.018414532,2.424720749,-0.026586103,-0.019352501,-0.026384140,0.014499528,-0.088620344,-0.086662967,0.812541268,0.389929504,-0.428237973,-0.065908337
21.333333333,-0.270689851,-0.019703991,2.422952381,-0.025866584,-0.019331027,-0.026666699,0.017482381,-0.086221947,-0.087157577,0.810887552,0.391407846,-0.429507660,-0.069169688
21.400000000,-0.272390178,-0.020991970,2.421165216,-0.025142467,-0.019308102,-0.026948072,0.020458240,-0.083808222,-0.087643472,0.809214461,0.392972616,-0.430705465,-0.072369064
21.466666667,-0.274042081,-0.022278372,2.419359332,-0.024413880,-0.019283726,-0.027228248,0.023425917,-0.081379599,-0.088120603,0.807522439,0.394623698,-0.431831584,-0.075505829
21.533333333,-0.275645266,-0.023563101,2.417534810,-0.023680952,-0.019257902,-0.027507214,0.026384224,-0.078936508,-0.088588921,0.805811910,0.396360924,-0.432886205,-0.078579372
21.600000000,-0.277199448,-0.024846060,2.415691730,-0.022943815,-0.019230631,-0.027784957,0.029331977,-0.076479384,-0.089048381,0.804083271,0.398184075,-0.433869513,-0.081589102
21.666666667,-0.278704350,-0.026127153,2.413830176,-0.022202599,-0.019201916,-0.028061466,0.032267998,-0.074008663,-0.089498936,0.802336900,0.400092882,-0.434781683,-0.084534448
21.733333333,-0.280159706,-0.027406283,2.411950229,-0.021457436,-0.019171759,-0.028336727,0.035191112,-0.071524786,-0.089940541,0.800573149,0.402087028,-0.435622884,-0.087414863
21.800000000,-0.281565257,-0.028683355,2.410051974,-0.020708458,-0.019140161,-0.028610729,0.038100151,-0.069028194,-0.090373152,0.798792349,0.404166144,-0.436393277,-0.090229817
21.866666667,-0.282920752,-0.029958273,2.408135494,-0.019955799,-0.019107126,-0.028883459,0.040993949,-0.066519330,-0.090796726,0.796994809,0.406329810,-0.437093013,-0.092978803
21.933333333,-0.284225951,-0.031230940,2.406200875,-0.019199592,-0.019072656,-0.029154905,0.043871351,-0.063998641,-0.091211220,0.795180816,0.408577559,-0.437722237,-0.095661334
22.000000000,-0.285480622,-0.032501262,2.404248202,-0.018439972,-0.019036754,-0.029425056,0.046731205,-0.061466574,-0.091616594,0.793350636,0.410908872,-0.438281085,-0.098276941
22.066666667,-0.286684542,-0.033769142,2.402277563,-0.017677074,-0.018999421,-0.029693899,0.049572366,-0.058923580,-0.092012805,0.791504514,0.413323182,-0.438769683,-0.100825177
22.133333333,-0.287837496,-0.035034486,2.400289045,-0.016911033,-0.018960661,-0.029961422,0.052393700,-0.056370111,-0.092399816,0.789642675,0.415819872,-0.439188149,-0.103305614
22.200000000,-0.288939279,-0.036297199,2.398282736,-0.016141986,-0.018920478,-0.030227614,0.055194077,-0.053806621,-0.092777586,0.787765323,0.418398275,-0.439536593,-0.105717842
22.266666667,-0.289989697,-0.037557185,2.396258726,-0.015370069,-0.018878873,-0.030492462,0.057972376,-0.051233565,-0.093146079,0.785872645,0.421057679,-0.439815115,-0.108061470
22.333333333,-0.290988561,-0.038814351,2.394217105,-0.014595420,-0.018835850,-0.030755955,0.060727488,-0.048651401,-0.093505258,0.783964809,0.423797319,-0.440023806,-0.110336129
22.400000000,-0.291935695,-0.040068600,2.392157963,-0.013818176,-0.018791412,-0.031018081,0.063458310,-0.046060588,-0.093855086,0.782041964,0.426616384,-0.440162750,-0.112541465
22.466666667,-0.292830930,-0.041319841,2.390081391,-0.013038476,-0.018745563,-0.031278828,0.066163749,-0.043461587,-0.094195528,0.780104244,0.429514014,-0.440232022,-0.114677143
22.533333333,-0.293674107,-0.042567978,2.387987483,-0.012256458,-0.018698306,-0.031538185,0.068842723,-0.040854859,-0.094526551,0.778151766,0.432489304,-0.440231687,-0.116742849
22.600000000,-0.294465076,-0.043812917,2.385876331,-0.011472261,-0.018649644,-0.031796141,0.071494161,-0.038240869,-0.094848122,0.776184633,0.435541299,-0.440161803,-0.118738283
22.666666667,-0.295203696,-0.045054566,2.383748029,-0.010686024,-0.018599582,-0.032052683,0.074117003,-0.035620080,-0.095160207,0.774202931,0.438668999,-0.440022421,-0.120663167
22.733333333,-0.295889837,-0.046292830,2.381602672,-0.009897887,-0.018548123,-0.032307801,0.076710198,-0.032992958,-0.095462777,0.772206736,0.441871355,-0.439813584,-0.122517239
22.800000000,-0.296523376,-0.047527618,2.379440354,-0.009107992,-0.018495270,-0.032561483,0.079272711,-0.030359972,-0.095755801,0.770196108,0.445147277,-0.439535328,-0.124300253
22.866666667,-0.297104200,-0.048758835,2.377261173,-0.008316476,-0.018441029,-0.032813718,0.081803516,-0.027721588,-0.096039249,0.768171098,0.448495625,-0.439187680,-0.126011982
22.933333333,-0.297632206,-0.049986391,2.375065224,-0.007523483,-0.018385402,-0.033064494,0.084301600,-0.025078276,-0.096313093,0.766131747,0.451915215,-0.438770665,-0.127652218
23.000000000,-0.298107301,-0.051210192,2.372852606,-0.006729152,-0.018328394,-0.033313801,0.086765965,-0.022430505,-0.096577306,0.764078082,0.455404821,-0.438284298,-0.129220768
23.066666667,-0.298529400,-0.052430146,2.370623417,-0.005933624,-0.018270010,-0.033561627,0.089195624,-0.019778747,-0.096831861,0.762010128,0.458963171,-0.437728591,-0.130717457
23.133333333,-0.298898428,-0.053646162,2.368377756,-0.005137042,-0.018210253,-0.033807962,0.091589607,-0.017123473,-0.097076734,0.759927896,0.462588950,-0.437103551,-0.132142125
23.200000000,-0.299214319,-0.054858149,2.366115722,-0.004339547,-0.018149128,-0.034052794,0.093946955,-0.014465155,-0.097311898,0.757831396,0.466280802,-0.436409179,-0.133494633
23.266666667,-0.299477017,-0.056066016,2.363837417,-0.003541280,-0.018086641,-0.034296113,0.096266725,-0.011804265,-0.097537332,0.755720630,0.470037326,-0.435645476,-0.134774855
23.333333333,-0.299686475,-0.057269671,2.361542941,-0.002742383,-0.018022795,-0.034537907,0.098547990,-0.009141277,-0.097753012,0.753595594,0.473857084,-0.434812435,-0.135982684
23.400000000,-0.299842657,-0.058469025,2.359232397,-0.001942999,-0.017957595,-0.034778166,0.100789837,-0.006476664,-0.097958916,0.751456286,0.477738593,-0.433910052,-0.137118028
23.466666667,-0.299945534,-0.059663987,2.356905886,-0.001143270,-0.017891046,-0.035016880,0.102991369,-0.003810899,-0.098155025,0.749302697,0.481680334,-0.432938317,-0.138180813
23.533333333,-0.299995088,-0.060854468,2.354563514,-0.000343337,-0.017823153,-0.035254037,0.105151707,-0.001144456,-0.098341319,0.747134821,0.485680746,-0.431897222,-0.139170981
23.600000000,-0.299991311,-0.062040378,2.352205383,0.000456657,-0.017753922,-0.035489628,0.107269985,0.001522189,-0.098517778,0.744952648,0.489738233,-0.430786757,-0.140088491
23.666666667,-0.299934203,-0.063221628,2.349831598,0.001256569,-0.017683358,-0.035723641,0.109345356,0.004188564,-0.098684386,0.742756174,0.493851159,-0.429606913,-0.140933317
23.733333333,-0.299823773,-0.064398130,2.347442266,0.002056258,-0.017611465,-0.035956066,0.111376991,0.006854195,-0.098841125,0.740545393,0.498017853,-0.428357683,-0.141705450
23.800000000,-0.299660043,-0.065569794,2.345037492,0.002855582,-0.017538249,-0.036186894,0.113364076,0.009518607,-0.098987981,0.738320307,0.502236608,-0.427039061,-0.142404898
23.866666667,-0.299443040,-0.066736533,2.342617383,0.003654398,-0.017463716,-0.036416113,0.115305818,0.012181327,-0.099124937,0.736080919,0.506505682,-0.425651044,-0.143031685
23.933333333,-0.299172804,-0.067898260,2.340182046,0.004452564,-0.017387871,-0.036643714,0.117201438,0.014841881,-0.099251981,0.733827240,0.510823302,-0.424193635,-0.143585849
24.000000000,-0.298849383,-0.069054887,2.337731590,0.005249939,-0.017310720,-0.036869686,0.119050180,0.017499797,-0.099369100,0.731559288,0.515187658,-0.422666838,-0.144067448
24.066666667,-0.298472833,-0.070206327,2.335266124,0.006046380,-0.017232269,-0.037094019,0.120851303,0.020154601,-0.099476283,0.729277087,0.519596913,-0.421070665,-0.144476552
24.133333333,-0.298043222,-0.071352494,2.332785758,0.006841747,-0.017152524,-0.037316704,0.122604087,0.022805823,-0.099573517,0.726980671,0.524049197,-0.419405132,-0.144813251
24.200000000,-0.297560627,-0.072493302,2.330290601,0.007635897,-0.017071490,-0.037537730,0.124307831,0.025452991,-0.099660795,0.724670086,0.528542611,-0.417670266,-0.145077647
24.266666667,-0.297025133,-0.073628665,2.327780764,0.008428690,-0.016989175,-0.037757088,0.125961854,0.028095633,-0.099738106,0.722345386,0.533075229,-0.415866097,-0.145269862
24.333333333,-0.296436835,-0.074758497,2.325256360,0.009219984,-0.016905583,-0.037974768,0.127565493,0.030733281,-0.099805444,0.720006640,0.537645096,-0.413992667,-0.145390029
24.400000000,-0.295795838,-0.075882714,2.322717499,0.010009640,-0.016820721,-0.038190760,0.129118108,0.033365465,-0.099862801,0.717653927,0.542250234,-0.412050027,-0.145438302
24.466666667,-0.295102256,-0.077001232,2.320164296,0.010797515,-0.016734596,-0.038405055,0.130619078,0.035991718,-0.099910172,0.715287343,0.546888638,-0.410038238,-0.145414846
24.533333333,-0.294356212,-0.078113966,2.317596863,0.011583472,-0.016647214,-0.038617643,0.132067801,0.038611572,-0.099947552,0.712906998,0.551558281,-0.407957373,-0.145319846
24.600000000,-0.293557839,-0.079220832,2.315015315,0.012367369,-0.016558581,-0.038828514,0.133463700,0.041224562,-0.099974938,0.710513016,0.556257114,-0.405807516,-0.145153498
24.666666667,-0.292707279,-0.080321749,2.312419766,0.013149067,-0.016468705,-0.039037660,0.134806214,0.043830223,-0.099992326,0.708105541,0.560983066,-0.403588765,-0.144916017
24.733333333,-0.291804682,-0.081416632,2.309810332,0.013928428,-0.016377592,-0.039245071,0.136094808,0.046428093,-0.099999715,0.705684732,0.565734048,-0.401301232,-0.144607633
24.800000000,-0.290850210,-0.082505400,2.307187129,0.014705313,-0.016285248,-0.039450737,0.137328966,0.049017709,-0.099997104,0.703250767,0.570507954,-0.398945043,-0.144228589
24.866666667,-0.289844032,-0.083587971,2.304550273,0.015479583,-0.016191682,-0.039654651,0.138508194,0.051598610,-0.099984493,0.700803845,0.575302658,-0.396520340,-0.143779144
24.933333333,-0.288786327,-0.084664264,2.301899881,0.016251102,-0.016096899,-0.039856801,0.139632021,0.054170339,-0.099961884,0.698344182,0.580116023,-0.394027281,-0.143259575
25.000000000,-0.287677282,-0.085734198,2.299236072,0.017019731,-0.016000907,-0.040057181,0.140699997,0.056732437,-0.099929279,0.695872016,0.584945894,-0.391466041,-0.142670170
25.066666667,-0.286517096,-0.086797692,2.296558963,0.017785335,-0.015903714,-0.040255780,0.141711694,0.059284450,-0.099886681,0.693387606,0.589790108,-0.388836812,-0.142011233
25.133333333,-0.285305975,-0.087854666,2.293868674,0.018547777,-0.015805326,-0.040452590,0.142666709,0.061825923,-0.099834094,0.690891232,0.594646488,-0.386139805,-0.141283084
25.200000000,-0.284044133,-0.088905042,2.291165325,0.019306922,-0.015705751,-0.040647602,0.143564659,0.064356406,-0.099771525,0.688383199,0.599512849,-0.383375252,-0.140486056
25.266666667,-0.282731795,-0.089948740,2.288449034,0.020062634,-0.015604996,-0.040840807,0.144405185,0.066875447,-0.099698978,0.685863831,0.604386997,-0.380543402,-0.139620496
25.333333333,-0.281369194,-0.090985682,2.285719924,0.020814780,-0.015503069,-0.041032198,0.145187951,0.069382600,-0.099616461,0.683333477,0.609266733,-0.377644526,-0.138686768
25.400000000,-0.279956573,-0.092015790,2.282978115,0.021563225,-0.015399977,-0.041221764,0.145912643,0.071877418,-0.099523983,0.680792511,0.614149852,-0.374678916,-0.137685245
25.466666667,-0.278494183,-0.093038987,2.280223730,0.022307837,-0.015295729,-0.041409499,0.146578973,0.074359458,-0.099421552,0.678241329,0.619034145,-0.371646885,-0.136616319
25.533333333,-0.276982283,-0.094055195,2.277456890,0.023048484,-0.015190332,-0.041595393,0.147186673,0.076828279,-0.099309179,0.675680353,0.623917405,-0.368548770,-0.135480391
25.600000000,-0.275421142,-0.095064339,2.274677718,0.023785033,-0.015083794,-0.041779439,0.147735500,0.079283442,-0.099186876,0.673110028,0.628797419,-0.365384930,-0.134277879
25.666666667,-0.273811039,-0.096066343,2.271886339,0.024517353,-0.014976123,-0.041961628,0.148225235,0.081724510,-0.099054654,0.670530825,0.633671979,-0.362155747,-0.133009212
25.733333333,-0.272152259,-0.097061130,2.269082876,0.025245315,-0.014867327,-0.042141951,0.148655682,0.084151049,-0.098912526,0.667943240,0.638538878,-0.358861627,-0.131674832
25.800000000,-0.270445097,-0.098048628,2.266267454,0.025968789,-0.014757415,-0.042320402,0.149026668,0.086562629,-0.098760507,0.665347794,0.643395915,-0.355503000,-0.130275194
25.866666667,-0.268689856,-0.099028761,2.263440198,0.026687646,-0.014646394,-0.042496972,0.149338046,0.088958820,-0.098598613,0.662745032,0.648240893,-0.352080323,-0.128810764
25.933333333,-0.266886849,-0.100001456,2.260601233,0.027401759,-0.014534273,-0.042671653,0.149589691,0.091339196,-0.098426858,0.660135526,0.653071623,-0.348594076,-0.127282023
26.000000000,-0.265036397,-0.100966640,2.257750686,0.028111000,-0.014421060,-0.042844438,0.149781502,0.093703334,-0.098245261,0.657519871,0.657885923,-0.345044766,-0.125689460
26.066666667,-0.263138827,-0.101924240,2.254888683,0.028815244,-0.014306764,-0.043015318,0.149913402,0.096050814,-0.098053840,0.654898691,0.662681625,-0.341432923,-0.124033578
26.133333333,-0.261194478,-0.102874184,2.252015353,0.029514366,-0.014191393,-0.043184287,0.149985339,0.098381219,-0.097852613,0.652272630,0.667456568,-0.337759107,-0.122314889
26.200000000,-0.259203695,-0.103816402,2.249130821,0.030208240,-0.014074957,-0.043351336,0.149997283,0.100694134,-0.097641601,0.649642360,0.672208607,-0.334023902,-0.120533919
26.266666667,-0.257166832,-0.104750822,2.246235217,0.030896745,-0.013957463,-0.043516459,0.149949231,0.102989148,-0.097420825,0.647008576,0.676935612,-0.330227919,-0.118691201
26.333333333,-0.255084251,-0.105677374,2.243328670,0.031579756,-0.013838921,-0.043679647,0.149841201,0.105265854,-0.097190307,0.644371998,0.681635467,-0.326371796,-0.116787280
26.400000000,-0.252956323,-0.106595988,2.240411307,0.032257154,-0.013719340,-0.043840895,0.149673237,0.107523845,-0.096950070,0.641733370,0.686306074,-0.322456199,-0.114822710
26.466666667,-0.250783425,-0.107506596,2.237483260,0.032928816,-0.013598728,-0.044000193,0.149445405,0.109762722,-0.096700138,0.639093458,0.690945353,-0.318481819,-0.112798054
26.533333333,-0.248565944,-0.108409129,2.234544659,0.033594626,-0.013477095,-0.044157537,0.149157797,0.111982085,-0.096440536,0.636453053,0.695551247,-0.314449376,-0.110713885
26.600000000,-0.246304274,-0.109303520,2.231595632,0.034254462,-0.013354449,-0.044312917,0.148810528,0.114181541,-0.096171290,0.633812966,0.700121716,-0.310359617,-0.108570783
26.666666667,-0.243998817,-0.110189700,2.228636313,0.034908209,-0.013230801,-0.044466328,0.148403737,0.116360698,-0.095892427,0.631174032,0.704654746,-0.306213314,-0.106369340
26.733333333,-0.241649984,-0.111067604,2.225666833,0.035555751,-0.013106158,-0.044617763,0.147937586,0.118519169,-0.095603975,0.628537107,0.709148346,-0.302011268,-0.104110150
26.800000000,-0.239258191,-0.111937166,2.222687322,0.036196971,-0.012980531,-0.044767215,0.147412262,0.120656570,-0.095305963,0.625903066,0.713600548,-0.297754307,-0.101793819
26.866666667,-0.236823864,-0.112798320,2.219697915,0.036831757,-0.012853930,-0.044914678,0.146827976,0.122772522,-0.094998420,0.623272808,0.718009413,-0.293443287,-0.099420959
26.933333333,-0.234347436,-0.113651002,2.216698743,0.037459994,-0.012726362,-0.045060144,0.146184960,0.124866648,-0.094681378,0.620647246,0.722373028,-0.289079088,-0.096992188
27.000000000,-0.231829346,-0.114495147,2.213689940,0.038081573,-0.012597839,-0.045203607,0.145483472,0.126938575,-0.094354867,0.618027316,0.726689509,-0.284662620,-0.094508130
27.066666667,-0.229270043,-0.115330693,2.210671640,0.038696381,-0.012468370,-0.045345061,0.144723792,0.128987936,-0.094018921,0.615413970,0.730957001,-0.280194815,-0.091969416
27.133333333,-0.226669982,-0.116157576,2.207643977,0.039304310,-0.012337964,-0.045484501,0.143906225,0.131014366,-0.093673573,0.612808176,0.735173680,-0.275676637,-0.089376681
27.200000000,-0.224029624,-0.116975734,2.204607085,0.039905252,-0.012206631,-0.045621918,0.143031097,0.133017505,-0.093318858,0.610210920,0.739337753,-0.271109071,-0.086730566
27.266666667,-0.221349439,-0.117785106,2.201561099,0.040499099,-0.012074382,-0.045757308,0.142098759,0.134996997,-0.092954811,0.607623203,0.743447460,-0.266493130,-0.084031716
27.333333333,-0.218629904,-0.118585632,2.198506156,0.041085747,-0.011941226,-0.045890664,0.141109584,0.136952490,-0.092581468,0.605046038,0.747501073,-0.261829853,-0.081280782
27.400000000,-0.215871502,-0.119377250,2.195442389,0.041665091,-0.011807172,-0.046021981,0.140063966,0.138883636,-0.092198868,0.602480453,0.751496901,-0.257120301,-0.078478416
27.466666667,-0.213074723,-0.120159902,2.192369937,0.042237028,-0.011672232,-0.046151252,0.138962324,0.140790092,-0.091807047,0.599927489,0.755433285,-0.252365563,-0.075625275
27.533333333,-0.210240065,-0.120933528,2.189288935,0.042801456,-0.011536415,-0.046278472,0.137805100,0.142671519,-0.091406047,0.597388197,0.759308603,-0.247566750,-0.072722020
27.600000000,-0.207368031,-0.121698071,2.186199520,0.043358275,-0.011399732,-0.046403636,0.136592755,0.144527582,-0.090995905,0.594863638,0.763121269,-0.242724997,-0.069769311
27.666666667,-0.204459133,-0.122453473,2.183101829,0.043907386,-0.011262193,-0.046526736,0.135325775,0.146357952,-0.090576664,0.592354882,0.766869735,-0.237841464,-0.066767815
27.733333333,-0.201513887,-0.123199678,2.179996001,0.044448691,-0.011123807,-0.046647769,0.134004667,0.148162304,-0.090148366,0.589863008,0.770552490,-0.232917331,-0.063718198
27.800000000,-0.198532816,-0.123936629,2.176882173,0.044982095,-0.010984586,-0.046766729,0.132629958,0.149940315,-0.089711052,0.587389101,0.774168061,-0.227953803,-0.060621128
27.866666667,-0.195516452,-0.124664271,2.173760483,0.045507501,-0.010844540,-0.046883611,0.131202199,0.151691671,-0.089264768,0.584934252,0.777715013,-0.222952106,-0.057477274
27.933333333,-0.192465329,-0.125382550,2.170631071,0.046024818,-0.010703679,-0.046998408,0.129721961,0.153416060,-0.088809557,0.582499557,0.781191953,-0.217913485,-0.054287307
28.000000000,-0.189379991,-0.126091411,2.167494075,0.046533953,-0.010562015,-0.047111117,0.128189836,0.155113176,-0.088345466,0.580086115,0.784597524,-0.212839208,-0.051051896
28.066666667,-0.186260986,-0.126790801,2.164349635,0.047034815,-0.010419557,-0.047221732,0.126606437,0.156782716,-0.087872539,0.577695027,0.787930411,-0.207730563,-0.047771713
28.133333333,-0.183108869,-0.127480667,2.161197891,0.047527315,-0.010276317,-0.047330248,0.124972397,0.158424384,-0.087390826,0.575327394,0.791189339,-0.202588858,-0.044447428
28.200000000,-0.179924199,-0.128160959,2.158038982,0.048011366,-0.010132304,-0.047436661,0.123288369,0.160037888,-0.086900374,0.572984320,0.794373074,-0.197415416,-0.041079712
28.266666667,-0.176707543,-0.128831624,2.154873050,0.048486882,-0.009987531,-0.047540965,0.121555028,0.161622942,-0.086401232,0.570666904,0.797480421,-0.192211584,-0.037669234
28.333333333,-0.173459473,-0.129492613,2.151700234,0.048953779,-0.009842007,-0.047643157,0.119773067,0.163179263,-0.085893449,0.568376244,0.800510227,-0.186978721,-0.034216662
28.400000000,-0.170180566,-0.130143876,2.148520676,0.049411972,-0.009695744,-0.047743231,0.117943198,0.164706574,-0.085377078,0.566113434,0.803461381,-0.181718208,-0.030722664
28.466666667,-0.166871405,-0.130785363,2.145334517,0.049861382,-0.009548753,-0.047841183,0.116066153,0.166204605,-0.084852169,0.563879563,0.806332812,-0.176431438,-0.027187905
28.533333333,-0.163532578,-0.131417027,2.142141899,0.050301927,-0.009401045,-0.047937009,0.114142683,0.167673089,-0.084318774,0.561675715,0.809123490,-0.171119822,-0.023613049
28.600000000,-0.160164680,-0.132038820,2.138942963,0.050733529,-0.009252631,-0.048030704,0.112173558,0.169111765,-0.083776948,0.559502963,0.811832427,-0.165784785,-0.019998759
28.666666667,-0.156768308,-0.132650695,2.135737852,0.051156113,-0.009103521,-0.048122265,0.110159565,0.170520377,-0.083226744,0.557362374,0.814458675,-0.160427767,-0.016345693
28.733333333,-0.153344067,-0.133252608,2.132526708,0.051569602,-0.008953728,-0.048211687,0.108101509,0.171898674,-0.082668218,0.555255006,0.817001328,-0.155050221,-0.012654511
28.800000000,-0.149892565,-0.133844511,2.129309675,0.051973924,-0.008803263,-0.048298966,0.106000214,0.173246413,-0.082101425,0.553181903,0.819459522,-0.149653612,-0.008925867
28.866666667,-0.146414416,-0.134426361,2.126086894,0.052369006,-0.008652136,-0.048384098,0.103856521,0.174563352,-0.081526421,0.551144097,0.821832431,-0.144239420,-0.005160414
28.933333333,-0.142910238,-0.134998115,2.122858510,0.052754778,-0.008500359,-0.048467080,0.101671286,0.175849259,-0.080943266,0.549142610,0.824119271,-0.138809132,-0.001358802
29.000000000,-0.139380654,-0.135559728,2.119624665,0.053131171,-0.008347944,-0.048547908,0.099445385,0.177103903,-0.080352016,0.547178445,0.826319299,-0.133364249,0.002478322
29.066666667,-0.135826291,-0.136111160,2.116385503,0.053498119,-0.008194902,-0.048626579,0.097179706,0.178327063,-0.079752730,0.545252592,0.828431812,-0.127906282,0.006350313
29.133333333,-0.132247783,-0.136652368,2.113141169,0.053855556,-0.008041244,-0.048703088,0.094875157,0.179518521,-0.079145470,0.543366023,0.830456147,-0.122436749,0.010256530
29.200000000,-0.128645763,-0.137183312,2.109891806,0.054203420,-0.007886982,-0.048777432,0.092532659,0.180678066,-0.078530295,0.541519691,0.832391679,-0.116957179,0.014196334
29.266666667,-0.125020874,-0.137703953,2.106637559,0.054541647,-0.007732128,-0.048849609,0.090153149,0.181805489,-0.077907267,0.539714532,0.834237823,-0.111469107,0.018169090
29.333333333,-0.121373759,-0.138214250,2.103378573,0.054870178,-0.007576693,-0.048919615,0.087737579,0.182900593,-0.077276449,0.537951461,0.835994035,-0.105974077,0.022174165
29.400000000,-0.117705067,-0.138714166,2.100114992,0.055188954,-0.007420689,-0.048987446,0.085286915,0.183963181,-0.076637903,0.536231371,0.837659807,-0.100473638,0.026210929
29.466666667,-0.114015450,-0.139203663,2.096846962,0.055497920,-0.007264128,-0.049053100,0.082802138,0.184993066,-0.075991693,0.534555133,0.839234669,-0.094969344,0.030278756
29.533333333,-0.110305564,-0.139682704,2.093574627,0.055797019,-0.007107021,-0.049116575,0.080284241,0.185990063,-0.075337884,0.532923595,0.840718191,-0.089462758,0.034377022
29.600000000,-0.106576068,-0.140151253,2.090298134,0.056086199,-0.006949380,-0.049177866,0.077734231,0.186953995,-0.074676541,0.531337581,0.842109979,-0.083955442,0.038505106
29.666666667,-0.102827626,-0.140609276,2.087017627,0.056365408,-0.006791217,-0.049236971,0.075153128,0.187884692,-0.074007731,0.529797888,0.843409674,-0.078448967,0.042662389
29.733333333,-0.099060903,-0.141056738,2.083733253,0.056634596,-0.006632544,-0.049293888,0.072541966,0.188781988,-0.073331520,0.528305289,0.844616957,-0.072944902,0.046848255
29.800000000,-0.095276570,-0.141493604,2.080445157,0.056893717,-0.006473373,-0.049348615,0.069901787,0.189645723,-0.072647976,0.526860529,0.845731542,-0.067444822,0.051062091
29.866666667,-0.091475299,-0.141919843,2.077153487,0.057142723,-0.006313716,-0.049401148,0.067233649,0.190475743,-0.071957167,0.525464325,0.846753181,-0.061950303,0.055303287
29.933333333,-0.087657766,-0.142335423,2.073858387,0.057381571,-0.006153585,-0.049451485,0.064538618,0.191271902,-0.071259163,0.524117366,0.847681658,-0.056462920,0.059571233
30.000000000,-0.083824649,-0.142740311,2.070560004,0.057610217,-0.005992991,-0.049499625,0.061817773,0.192034057,-0.070554033,0.522820311,0.848516794,-0.050984251,0.063865322
30.066666667,-0.079976631,-0.143134478,2.067258485,0.057828622,-0.005831947,-0.049545564,0.059072201,0.192762074,-0.069841847,0.521573788,0.849258443,-0.045515872,0.068184949
30.133333333,-0.076114395,-0.143517894,2.063953978,0.058036747,-0.005670465,-0.049589302,0.056303001,0.193455822,-0.069122677,0.520378394,0.849906492,-0.040059358,0.072529512
30.200000000,-0.072238628,-0.143890531,2.060646628,0.058234554,-0.005508558,-0.049630836,0.053511281,0.194115179,-0.068396595,0.519234695,0.850460863,-0.034616284,0.076898407
30.266666667,-0.068350018,-0.144252359,2.057336582,0.058422008,-0.005346236,-0.049670164,0.050698157,0.194740026,-0.067663674,0.518143225,0.850921509,-0.029188221,0.081291034
30.333333333,-0.064449257,-0.144603353,2.054023988,0.058599076,-0.005183513,-0.049707284,0.047864754,0.195330254,-0.066923986,0.517104484,0.851288415,-0.023776739,0.085706793
30.400000000,-0.060537039,-0.144943486,2.050708993,0.058765727,-0.005020401,-0.049742195,0.045012206,0.195885757,-0.066177605,0.516118938,0.851561598,-0.018383402,0.090145084
30.466666667,-0.056614059,-0.145272732,2.047391745,0.058921931,-0.004856911,-0.049774896,0.042141654,0.196406436,-0.065424608,0.515187020,0.851741108,-0.013009772,0.094605310
30.533333333,-0.052681015,-0.145591066,2.044072390,0.059067660,-0.004693057,-0.049805384,0.039254246,0.196892199,-0.064665067,0.514309127,0.851827023,-0.007657406,0.099086870
30.600000000,-0.048738605,-0.145898465,2.040751076,0.059202888,-0.004528850,-0.049833658,0.036351137,0.197342960,-0.063899060,0.513485623,0.851819453,-0.002327855,0.103589166
30.666666667,-0.044787530,-0.146194905,2.037427951,0.059327591,-0.004364303,-0.049859718,0.033433487,0.197758638,-0.063126664,0.512716833,0.851718537,0.002977335,0.108111599
30.733333333,-0.040828493,-0.146480364,2.034103163,0.059441748,-0.004199428,-0.049883562,0.030502465,0.198139159,-0.062347955,0.512003048,0.851524445,0.008256625,0.112653569
30.800000000,-0.036862199,-0.146754822,2.030776859,0.059545337,-0.004034238,-0.049905189,0.027559242,0.198484456,-0.061563011,0.511344522,0.851237374,0.013508484,0.117214475
30.866666667,-0.032889350,-0.147018256,2.027449187,0.059638340,-0.003868745,-0.049924597,0.024604996,0.198794467,-0.060771910,0.510741474,0.850857552,0.018731387,0.121793715
30.933333333,-0.028910655,-0.147270648,2.024120295,0.059720741,-0.003702961,-0.049941787,0.021640908,0.199069138,-0.059974733,0.510194083,0.850385233,0.023923817,0.126390684
31.000000000,-0.024926821,-0.147511978,2.020790331,0.059792526,-0.003536899,-0.049956758,0.018668164,0.199308419,-0.059171558,0.509702492,0.849820701,0.029084269,0.131004777
31.066666667,-0.020938555,-0.147742229,2.017459443,0.059853681,-0.003370572,-0.049969507,0.015687952,0.199512269,-0.058362466,0.509266807,0.849164267,0.034211242,0.135635386
31.133333333,-0.016946567,-0.147961382,2.014127780,0.059904195,-0.003203991,-0.049980037,0.012701466,0.199680649,-0.057547538,0.508887095,0.848416270,0.039303251,0.140281900
31.200000000,-0.012951566,-0.148169422,2.010795488,0.059944060,-0.003037169,-0.049988344,0.009709900,0.199813532,-0.056726855,0.508563387,0.847577075,0.044358816,0.144943707
31.266666667,-0.008954262,-0.148366333,2.007462716,0.059973268,-0.002870120,-0.049994430,0.006714450,0.199910893,-0.055900500,0.508295674,0.846647075,0.049376472,0.149620191
31.333333333,-0.004955367,-0.148552100,2.004129613,0.059991814,-0.002702855,-0.049998295,0.003716314,0.199972714,-0.055068554,0.508083911,0.845626689,0.054354764,0.154310730
31.400000000,-0.000955591,-0.148726709,2.000796326,0.059999696,-0.002535387,-0.049999937,0.000716691,0.199998985,-0.054231102,0.507928013,0.844516363,0.059292249,0.159014703
31.466666667,0.003044356,-0.148890147,1.997463004,0.059996911,-0.002367728,-0.049999356,-0.002283218,0.199989702,-0.053388227,0.507827857,0.843316568,0.064187497,0.163731482
31.533333333,0.007043761,-0.149042402,1.994129795,0.059983460,-0.002199892,-0.049996554,-0.005282214,0.199944865,-0.052540013,0.507783284,0.842027803,0.069039092,0.168460436
31.600000000,0.011041913,-0.149183462,1.990796847,0.059959345,-0.002031890,-0.049991529,-0.008279097,0.199864483,-0.051686544,0.507794097,0.840650592,0.073845630,0.173200928
31.666666667,0.015038103,-0.149313317,1.987464307,0.059924571,-0.001863736,-0.049984283,-0.011272668,0.199748570,-0.050827908,0.507860058,0.839185483,0.078605724,0.177952318
31.733333333,0.019031619,-0.149431957,1.984132325,0.059879144,-0.001695442,-0.049974815,-0.014261731,0.199597147,-0.049964188,0.507980894,0.837633053,0.083318000,0.182713960
31.800000000,0.023021752,-0.149539374,1.980801048,0.059823072,-0.001527020,-0.049963126,-0.017245089,0.199410240,-0.049095472,0.508156296,0.835993901,0.087981100,0.187485204
31.866666667,0.027007793,-0.149635558,1.977470624,0.059756365,-0.001358484,-0.049949217,-0.020221549,0.199187884,-0.048221847,0.508385915,0.834268656,0.092593681,0.192265395
31.933333333,0.030989032,-0.149720502,1.974141201,0.059679035,-0.001189846,-0.049933087,-0.023189921,0.198930116,-0.047343400,0.508669366,0.832457968,0.097154420,0.197053869
32.000000000,0.034964761,-0.149794202,1.970812928,0.059591095,-0.001021118,-0.049914739,-0.026149017,0.198636984,-0.046460218,0.509006228,0.830562514,0.101662008,0.201849959
32.066666667,0.038934275,-0.149856650,1.967485952,0.059492562,-0.000852314,-0.049894172,-0.029097654,0.198308539,-0.045572390,0.509396044,0.828582998,0.106115154,0.206652993
32.133333333,0.042896868,-0.149907842,1.964160421,0.059383452,-0.000683445,-0.049871387,-0.032034653,0.197944839,-0.044680005,0.509838321,0.826520147,0.110512586,0.211462291
32.200000000,0.046851834,-0.149947775,1.960836483,0.059263785,-0.000514525,-0.049846386,-0.034958837,0.197545950,-0.043783152,0.510332531,0.824374716,0.114853051,0.216277167
32.266666667,0.050798472,-0.149976445,1.957514286,0.059133583,-0.000345567,-0.049819169,-0.037869039,0.197111943,-0.042881921,0.510878110,0.822147482,0.119135315,0.221096929
32.333333333,0.054736079,-0.149993850,1.954193977,0.058992868,-0.000176583,-0.049789739,-0.040764094,0.196642893,-0.041976402,0.511474460,0.819839250,0.123358164,0.225920879
32.400000000,0.058663955,-0.149999989,1.950875703,0.058841666,-0.000007585,-0.049758095,-0.043642844,0.196138886,-0.041066685,0.512120950,0.817450852,0.127520405,0.230748312
32.466666667,0.062581402,-0.149994861,1.947559613,0.058680003,0.000161413,-0.049724240,-0.046504137,0.195600009,-0.040152861,0.512816916,0.814983142,0.131620865,0.235578517
32.533333333,0.066487723,-0.149978467,1.944245854,0.058507908,0.000330399,-0.049688175,-0.049346829,0.195026360,-0.039235022,0.513561659,0.812437002,0.135658394,0.240410775
32.600000000,0.070382225,-0.149950808,1.940934572,0.058325412,0.000499360,-0.049649902,-0.052169783,0.194418040,-0.038313260,0.514354451,0.809813339,0.139631862,0.245244363
32.666666667,0.074264214,-0.149911887,1.937625916,0.058132547,0.000668284,-0.049609422,-0.054971869,0.193775158,-0.037387666,0.515194530,0.807113088,0.143540164,0.250078550
32.733333333,0.078133001,-0.149861705,1.934320031,0.057929348,0.000837158,-0.049566737,-0.057751968,0.193097827,-0.036458334,0.516081106,0.804337206,0.147382218,0.254912597
32.800000000,0.081987898,-0.149800267,1.931017066,0.057715850,0.001005968,-0.049521849,-0.060508967,0.192386168,-0.035525356,0.517013356,0.801486682,0.151156965,0.259745762
32.866666667,0.085828220,-0.149727578,1.927717167,0.057492092,0.001174703,-0.049474760,-0.063241763,0.191640307,-0.034588825,0.517990430,0.798562525,0.154863369,0.264577294
32.933333333,0.089653284,-0.149643642,1.924420481,0.057258113,0.001343350,-0.049425473,-0.065949263,0.190860378,-0.033648836,0.519011449,0.795565776,0.158500423,0.269406437
33.000000000,0.093462409,-0.149548466,1.921127153,0.057013956,0.001511896,-0.049373988,-0.068630384,0.190046518,-0.032705481,0.520075506,0.792497498,0.162067141,0.274232428
33.066666667,0.097254919,-0.149442058,1.917837331,0.056759662,0.001680328,-0.049320310,-0.071284054,0.189198873,-0.031758857,0.521181668,0.789358785,0.165562567,0.279054500
33.133333333,0.101030140,-0.149324425,1.914551160,0.056495278,0.001848635,-0.049264439,-0.073909211,0.188317593,-0.030809056,0.522328976,0.786150754,0.168985768,0.283871878
33.200000000,0.104787400,-0.149195577,1.911268788,0.056220851,0.002016802,-0.049206379,-0.076504806,0.187402835,-0.029856174,0.523516444,0.782874552,0.172335840,0.288683783
33.266666667,0.108526031,-0.149055522,1.907990358,0.055936428,0.002184818,-0.049146132,-0.079069800,0.186454761,-0.028900307,0.524743065,0.779531351,0.175611908,0.293489431
33.333333333,0.112245369,-0.148904271,1.904716019,0.055642062,0.002352669,-0.049083700,-0.081603167,0.185473541,-0.027941550,0.526007807,0.776122352,0.178813122,0.298288032
33.400000000,0.115944753,-0.148741837,1.901445914,0.055337804,0.002520344,-0.049019087,-0.084103893,0.184459347,-0.026979998,0.527309615,0.772648781,0.181938663,0.303078792
33.466666667,0.119623524,-0.148568230,1.898180189,0.055023708,0.002687830,-0.048952296,-0.086570980,0.183412362,-0.026015749,0.528647415,0.769111893,0.184987740,0.307860913
33.533333333,0.123281030,-0.148383464,1.894918989,0.054699831,0.002855114,-0.048883329,-0.089003439,0.182332770,-0.025048898,0.530020111,0.765512972,0.187959592,0.312633593
33.600000000,0.126916619,-0.148187553,1.891662460,0.054366229,0.003022183,-0.048812189,-0.091400297,0.181220764,-0.024079543,0.531426589,0.761853325,0.190853490,0.317396026
33.666666667,0.130529646,-0.147980511,1.888410745,0.054022962,0.003189026,-0.048738880,-0.093760597,0.180076541,-0.023107779,0.532865715,0.758134291,0.193668733,0.322147403
33.733333333,0.134119467,-0.147762354,1.885163991,0.053670092,0.003355629,-0.048663404,-0.096083394,0.178900306,-0.022133704,0.534336339,0.754357234,0.196404651,0.326886912
33.800000000,0.137685446,-0.147533099,1.881922340,0.053307680,0.003521979,-0.048585766,-0.098367759,0.177692266,-0.021157417,0.535837295,0.750523547,0.199060609,0.331613739
33.866666667,0.141226947,-0.147292763,1.878685937,0.052935791,0.003688066,-0.048505968,-0.100612778,0.176452637,-0.020179013,0.537367402,0.746634650,0.201636001,0.336327069
33.933333333,0.144743342,-0.147041363,1.875454925,0.052554492,0.003853875,-0.048424015,-0.102817553,0.175181639,-0.019198592,0.538925464,0.742691991,0.204130254,0.341026084
34.000000000,0.148234005,-0.146778919,1.872229449,0.052163849,0.004019395,-0.048339910,-0.104981203,0.173879498,-0.018216250,0.540510272,0.738697045,0.206542828,0.345709967
34.066666667,0.151698316,-0.146505451,1.869009652,0.051763934,0.004184613,-0.048253656,-0.107102862,0.172546446,-0.017232088,0.542120608,0.734651314,0.208873217,0.350377899
34.133333333,0.155135659,-0.146220978,1.865795676,0.051354816,0.004349516,-0.048165257,-0.109181681,0.171182719,-0.016246202,0.543755239,0.730556329,0.211120949,0.355029063
34.200000000,0.158545422,-0.145925523,1.862587665,0.050936568,0.004514093,-0.048074718,-0.111216828,0.169788560,-0.015258691,0.545412925,0.726413646,0.213285583,0.359662641
34.266666667,0.161927000,-0.145619107,1.859385761,0.050509265,0.004678331,-0.047982042,-0.113207491,0.168364217,-0.014269654,0.547092418,0.722224851,0.215366717,0.364277817
34.333333333,0.165279791,-0.145301753,1.856190107,0.050072983,0.004842217,-0.047887234,-0.115152871,0.166909943,-0.013279191,0.548792462,0.717991553,0.217363980,0.368873778
34.400000000,0.168603200,-0.144973486,1.853000844,0.049627799,0.005005740,-0.047790297,-0.117052193,0.165425997,-0.012287400,0.550511792,0.713715391,0.219277037,0.373449713
34.466666667,0.171896635,-0.144634329,1.849818114,0.049173793,0.005168887,-0.047691236,-0.118904695,0.163912642,-0.011294379,0.552249142,0.709398029,0.221105590,0.378004815
34.533333333,0.175159511,-0.144284309,1.846642059,0.048711044,0.005331645,-0.047590056,-0.120709636,0.162370147,-0.010300230,0.554003240,0.705041156,0.222849374,0.382538278
34.600000000,0.178391248,-0.143923452,1.843472820,0.048239636,0.005494004,-0.047486760,-0.122466296,0.160798787,-0.009305050,0.555772811,0.700646489,0.224508162,0.387049305
34.666666667,0.181591272,-0.143551785,1.840310538,0.047759652,0.005655949,-0.047381355,-0.124173970,0.159198841,-0.008308940,0.557556579,0.696215770,0.226081760,0.391537101
34.733333333,0.184759013,-0.143169335,1.837155353,0.047271178,0.005817470,-0.047273843,-0.125831977,0.157570594,-0.007311999,0.559353265,0.691750764,0.227570013,0.396000877
34.800000000,0.187893909,-0.142776132,1.834007406,0.046774300,0.005978553,-0.047164230,-0.127439652,0.155914334,-0.006314327,0.561161592,0.687253263,0.228972802,0.400439853
34.866666667,0.190995402,-0.142372205,1.830866836,0.046269107,0.006139188,-0.047052521,-0.128996354,0.154230356,-0.005316024,0.562980286,0.682725082,0.230290042,0.404853253
34.933333333,0.194062941,-0.141957584,1.827733783,0.045755688,0.006299361,-0.046938721,-0.130501458,0.152518961,-0.004317189,0.564808072,0.678168060,0.231521688,0.409240311
35.000000000,0.197095980,-0.141532300,1.824608386,0.045234135,0.006459061,-0.046822834,-0.131954364,0.150780451,-0.003317922,0.566643680,0.673584059,0.232667729,0.413600270
35.066666667,0.200093980,-0.141096386,1.821490785,0.044704541,0.006618277,-0.046704867,-0.133354490,0.149015136,-0.002318323,0.568485845,0.668974964,0.233728192,0.417932380
35.133333333,0.203056408,-0.140649874,1.818381117,0.044166999,0.006776995,-0.046584824,-0.134701275,0.147223330,-0.001318493,0.570333306,0.664342681,0.234703139,0.422235903
35.200000000,0.205982739,-0.140192798,1.815279521,0.043621605,0.006935204,-0.046462710,-0.135994182,0.145405351,-0.000318530,0.572184811,0.659689139,0.235592670,0.426510111
35.266666667,0.208872450,-0.139725192,1.812186135,0.043068457,0.007092892,-0.046338532,-0.137232693,0.143561523,0.000681464,0.574039113,0.655016287,0.236396922,0.430754286
35.333333333,0.211725029,-0.139247091,1.809101096,0.042507652,0.007250047,-0.046212294,-0.138416313,0.141692173,0.001681390,0.575894974,0.650326093,0.237116066,0.434967725
35.400000000,0.214539969,-0.138758531,1.806024541,0.041939290,0.007406658,-0.046084002,-0.139544568,0.139797634,0.002681148,0.577751166,0.645620546,0.237750313,0.439149735
35.466666667,0.217316769,-0.138259549,1.802956608,0.041363473,0.007562712,-0.045953662,-0.140617008,0.137878242,0.003680638,0.579606469,0.640901652,0.238299906,0.443299636
35.533333333,0.220054935,-0.137750182,1.799897432,0.040780302,0.007718199,-0.045821279,-0.141633202,0.135934339,0.004679759,0.581459677,0.636171436,0.238765128,0.447416764
35.600000000,0.222753982,-0.137230469,1.796847149,0.040189881,0.007873106,-0.045686860,-0.142592745,0.133966271,0.005678413,0.583309594,0.631431939,0.239146294,0.451500469
35.666666667,0.225413428,-0.136700448,1.793805895,0.039592316,0.008027421,-0.045550411,-0.143495252,0.131974386,0.006676499,0.585155037,0.626685219,0.239443757,0.455550114
35.733333333,0.228032801,-0.136160159,1.790773806,0.038987712,0.008181133,-0.045411937,-0.144340364,0.129959039,0.007673917,0.586994836,0.621933348,0.239657904,0.459565080
35.800000000,0.230611635,-0.135609644,1.787751015,0.038376177,0.008334231,-0.045271444,-0.145127741,0.127920590,0.008670568,0.588827835,0.617178412,0.239789159,0.463544763
35.866666667,0.233149473,-0.135048943,1.784737658,0.037757820,0.008486703,-0.045128940,-0.145857069,0.125859399,0.009666352,0.590652895,0.612422512,0.239837976,0.467488577
35.933333333,0.235645862,-0.134478098,1.781733868,0.037132750,0.008638538,-0.044984430,-0.146528057,0.123775833,0.010661169,0.592468889,0.607667759,0.239804849,0.471395953
36.000000000,0.238100359,-0.133897152,1.778739778,0.036501079,0.008789724,-0.044837921,-0.147140435,0.121670263,0.011654920,0.594274708,0.602916278,0.239690300,0.475266339
36.066666667,0.240512528,-0.133306149,1.775755523,0.035862919,0.008940249,-0.044689419,-0.147693958,0.119543063,0.012647506,0.596069261,0.598170202,0.239494888,0.479099201
36.133333333,0.242881940,-0.132705134,1.772781233,0.035218383,0.009090103,-0.044538930,-0.148188406,0.117394611,0.013638827,0.597851471,0.593431673,0.239219204,0.482894026
36.200000000,0.245208173,-0.132094151,1.769817043,0.034567587,0.009239274,-0.044386463,-0.148623581,0.115225290,0.014628784,0.599620281,0.588702843,0.238863870,0.486650318
36.266666667,0.247490815,-0.131473246,1.766863082,0.033910645,0.009387751,-0.044232022,-0.148999308,0.113035484,0.015617278,0.601374652,0.583985870,0.238429541,0.490367603
36.333333333,0.249729459,-0.130842466,1.763919483,0.033247675,0.009535524,-0.044075616,-0.149315438,0.110825583,0.016604211,0.603113563,0.579282917,0.237916902,0.494045423
36.400000000,0.251923707,-0.130201859,1.760986377,0.032578794,0.009682579,-0.043917250,-0.149571843,0.108595981,0.017589483,0.604836013,0.574596152,0.237326669,0.497683345
36.466666667,0.254073169,-0.129551472,1.758063893,0.031904122,0.009828908,-0.043756933,-0.149768422,0.106347072,0.018572996,0.606541019,0.569927748,0.236659588,0.501280953
36.533333333,0.256177464,-0.128891354,1.755152162,0.031223777,0.009974498,-0.043594671,-0.149905095,0.104079258,0.019554652,0.608227618,0.565279878,0.235916435,0.504837855
36.600000000,0.258236216,-0.128221555,1.752251314,0.030537882,0.010119340,-0.043430472,-0.149981808,0.101792941,0.020534352,0.609894869,0.560654719,0.235098011,0.508353677
36.666666667,0.260249061,-0.127542126,1.749361476,0.029846558,0.010263421,-0.043264342,-0.149998531,0.099488528,0.021511999,0.611541847,0.556054445,0.234205150,0.511828069
36.733333333,0.262215640,-0.126853116,1.746482777,0.029149929,0.010406731,-0.043096290,-0.149955256,0.097166428,0.022487495,0.613167650,0.551481231,0.233238708,0.515260701
36.800000000,0.264135603,-0.126154579,1.743615346,0.028448116,0.010549260,-0.042926322,-0.149852001,0.094827055,0.023460742,0.614771397,0.546937248,0.232199571,0.518651265
36.866666667,0.266008609,-0.125446566,1.740759310,0.027741247,0.010690996,-0.042754446,-0.149688807,0.092470824,0.024431643,0.616352227,0.542424664,0.231088647,0.521999477
36.933333333,0.267834326,-0.124729131,1.737914796,0.027029446,0.010831929,-0.042580670,-0.149465740,0.090098153,0.025400100,0.617909297,0.537945642,0.229906872,0.525305070
37.000000000,0.269612429,-0.124002327,1.735081930,0.026312840,0.010972048,-0.042405002,-0.149182888,0.087709466,0.026366018,0.619441787,0.533502340,0.228655204,0.528567804
37.066666667,0.271342601,-0.123266209,1.732260837,0.025591556,0.011111344,-0.042227449,-0.148840365,0.085305185,0.027329299,0.620948898,0.529096905,0.227334623,0.531787458
37.133333333,0.273024535,-0.122520833,1.729451645,0.024865722,0.011249805,-0.042048019,-0.148438308,0.082885740,0.028289848,0.622429850,0.524731478,0.225946133,0.534963833
37.200000000,0.274657932,-0.121766254,1.726654476,0.024135468,0.011387421,-0.041866720,-0.147976878,0.080451560,0.029247567,0.623883882,0.520408191,0.224490758,0.538096753
37.266666667,0.276242502,-0.121002529,1.723869457,0.023400923,0.011524181,-0.041683561,-0.147456259,0.078003077,0.030202362,0.625310255,0.516129162,0.222969543,0.541186063
37.333333333,0.277777963,-0.120229716,1.721096710,0.022662218,0.011660076,-0.041498549,-0.146876659,0.075540727,0.031154136,0.626708250,0.511896499,0.221383552,0.544231630
37.400000000,0.279264042,-0.119447872,1.718336358,0.021919485,0.011795096,-0.041311692,-0.146238311,0.073064948,0.032102795,0.628077166,0.507712293,0.219733865,0.547233340
37.466666667,0.280700474,-0.118657056,1.715588525,0.021172854,0.011929229,-0.041123000,-0.145541469,0.070576180,0.033048244,0.629416322,0.503578625,0.218021585,0.550191104
37.533333333,0.282087005,-0.117857328,1.712853332,0.020422460,0.012062466,-0.040932480,-0.144786413,0.068074866,0.033990388,0.630725055,0.499497555,0.216247826,0.553104850
37.600000000,0.283423388,-0.117048747,1.710130901,0.019668435,0.012194797,-0.040740141,-0.143973444,0.065561449,0.034929133,0.632002722,0.495471129,0.214413720,0.555974528
37.666666667,0.284709385,-0.116231375,1.707421353,0.018910913,0.012326213,-0.040545991,-0.143102887,0.063036377,0.035864385,0.633248697,0.491501373,0.212520415,0.558800109
37.733333333,0.285944769,-0.115405273,1.704724809,0.018150030,0.012456702,-0.040350039,-0.142175092,0.060500099,0.036796051,0.634462371,0.487590292,0.210569069,0.561581583
37.800000000,0.287129318,-0.114570502,1.702041388,0.017385919,0.012586256,-0.040152293,-0.141190428,0.057953065,0.037724037,0.635643153,0.483739872,0.208560856,0.564318959
37.866666667,0.288262822,-0.113727126,1.699371210,0.016618719,0.012714864,-0.039952763,-0.140149290,0.055395729,0.038648251,0.636790470,0.479952076,0.206496960,0.567012264
37.933333333,0.289345081,-0.112875208,1.696714392,0.015848563,0.012842518,-0.039751458,-0.139052094,0.052828544,0.039568600,0.637903761,0.476228845,0.204378576,0.569661546
38.000000000,0.290375902,-0.112014812,1.694071055,0.015075591,0.012969207,-0.039548386,-0.137899279,0.050251969,0.040484992,0.638982484,0.472572092,0.202206908,0.572266869
38.066666667,0.291355100,-0.111146002,1.691441313,0.014299938,0.013094921,-0.039343556,-0.136691306,0.047666459,0.041397336,0.640026110,0.468983709,0.199983172,0.574828314
38.133333333,0.292282503,-0.110268844,1.688825286,0.013521743,0.013219653,-0.039136977,-0.135428658,0.045072476,0.042305540,0.641034125,0.465465557,0.197708588,0.577345979
38.200000000,0.293157946,-0.109383404,1.686223088,0.012741144,0.013343391,-0.038928659,-0.134111841,0.042470480,0.043209513,0.642006027,0.462019473,0.195384384,0.579819980
38.266666667,0.293981272,-0.108489748,1.683634837,0.011958280,0.013466127,-0.038718611,-0.132741381,0.039860933,0.044109166,0.642941329,0.458647262,0.193011796,0.582250446
38.333333333,0.294752336,-0.107587943,1.681060645,0.011173290,0.013587851,-0.038506842,-0.131317826,0.037244301,0.045004407,0.643839555,0.455350701,0.190592062,0.584637522
38.400000000,0.295471000,-0.106678057,1.678500629,0.010386314,0.013708555,-0.038293362,-0.129841746,0.034621047,0.045895149,0.644700239,0.452131536,0.188126427,0.586981366
38.466666667,0.296137137,-0.105760158,1.675954902,0.009597492,0.013828230,-0.038078179,-0.128313731,0.031991639,0.046781300,0.645522927,0.448991479,0.185616136,0.589282151
38.533333333,0.296750628,-0.104834316,1.673423576,0.008806963,0.013946865,-0.037861305,-0.126734392,0.029356543,0.047662774,0.646307174,0.445932210,0.183062439,0.591540061
38.600000000,0.297311364,-0.103900600,1.670906765,0.008014868,0.014064453,-0.037642747,-0.125104360,0.026716228,0.048539482,0.647052545,0.442955378,0.180466587,0.593755293
38.666666667,0.297819245,-0.102959079,1.668404580,0.007221349,0.014180985,-0.037422517,-0.123424289,0.024071164,0.049411335,0.647758612,0.440062592,0.177829829,0.595928055
38.733333333,0.298274182,-0.102009825,1.665917133,0.006426546,0.014296451,-0.037200623,-0.121694850,0.021421821,0.050278248,0.648424956,0.437255429,0.175153418,0.598058565
38.800000000,0.298676093,-0.101052909,1.663444534,0.005630601,0.014410844,-0.036977076,-0.119916734,0.018768669,0.051140132,0.649051162,0.434535427,0.172438603,0.600147049
38.866666667,0.299024906,-0.100088403,1.660986893,0.004833654,0.014524155,-0.036751886,-0.118090654,0.016112181,0.051996903,0.649636823,0.431904087,0.169686630,0.602193744
38.933333333,0.299320561,-0.099116380,1.658544319,0.004035848,0.014636374,-0.036525062,-0.116217338,0.013452828,0.052848474,0.650181536,0.429362873,0.166898746,0.604198893
39.000000000,0.299563004,-0.098136911,1.656116920,0.003237325,0.014747494,-0.036296615,-0.114297538,0.010791084,0.053694760,0.650684902,0.426913208,0.164076191,0.606162746
39.066666667,0.299752191,-0.097150072,1.653704806,0.002438226,0.014857506,-0.036066555,-0.112332019,0.008127422,0.054535677,0.651146525,0.424556474,0.161220203,0.608085561
39.133333333,0.299888091,-0.096155935,1.651308082,0.001638694,0.014966403,-0.035834892,-0.110321570,0.005462314,0.055371140,0.651566013,0.422294013,0.158332013,0.609967598
39.200000000,0.299970678,-0.095154576,1.648926856,0.000838871,0.015074175,-0.035601636,-0.108266993,0.002796236,0.056201067,0.651942974,0.420127127,0.155412849,0.611809123
39.266666667,0.299999937,-0.094146070,1.646561232,0.000038898,0.015180815,-0.035366798,-0.106169111,0.000129660,0.057025373,0.652277017,0.418057072,0.152463929,0.613610404
39.333333333,0.299975864,-0.093130493,1.644211318,-0.000761082,0.015286315,-0.035130388,-0.104028763,-0.002536939,0.057843976,0.652567752,0.416085063,0.149486468,0.615371714
39.400000000,0.299898462,-0.092107921,1.641877215,-0.001560926,0.015390666,-0.034892416,-0.101846804,-0.005203086,0.058656796,0.652814787,0.414212270,0.146481669,0.617093323
39.466666667,0.299767747,-0.091078430,1.639559030,-0.002360493,0.015493862,-0.034652894,-0.099624109,-0.007868309,0.059463749,0.653017730,0.412439820,0.143450732,0.618775507
39.533333333,0.299583739,-0.090042098,1.637256864,-0.003159640,0.015595894,-0.034411832,-0.097361564,-0.010532133,0.060264757,0.653176185,0.410768791,0.140394842,0.620418536
39.600000000,0.299346474,-0.088999003,1.634970820,-0.003958225,0.015696754,-0.034169240,-0.095060077,-0.013194084,0.061059738,0.653289755,0.409200219,0.137315180,0.622022683
39.666666667,0.299055992,-0.087949224,1.632700999,-0.004756107,0.015796436,-0.033925130,-0.092720567,-0.015853690,0.061848613,0.653358038,0.407735090,0.134212914,0.623588216
39.733333333,0.298712345,-0.086892838,1.630447502,-0.005553143,0.015894931,-0.033679512,-0.090343970,-0.018510478,0.062631303,0.653380628,0.406374346,0.131089201,0.625115403
39.800000000,0.298315595,-0.085829926,1.628210431,-0.006349192,0.015992232,-0.033432397,-0.087931236,-0.021163974,0.063407730,0.653357114,0.405118878,0.127945191,0.626604504
39.866666667,0.297865811,-0.084760567,1.625989883,-0.007144113,0.016088332,-0.033183796,-0.085483331,-0.023813709,0.064177817,0.653287080,0.403969529,0.124782017,0.628055777
39.933333333,0.297363074,-0.083684842,1.623785957,-0.007937763,0.016183223,-0.032933720,-0.083001234,-0.026459210,0.064941485,0.653170102,0.402927096,0.121600805,0.629469474
